"","Sex","Area","Year","suic_rates","unemp_rate","Benclm_wb"
"1","Female","East Midlands",1993,5.1,7.25,4.66666666666667
"2","Female","East Midlands",1994,5.3,7.025,4.45
"3","Female","East Midlands",1995,5.6,5.9,3.775
"4","Female","East Midlands",1996,5.5,5.825,3.2
"5","Female","East Midlands",1997,4.7,4.925,2.25
"6","Female","East Midlands",1998,4.2,4.775,1.95833333333333
"7","Female","East Midlands",1999,5.3,4.975,1.83333333333333
"8","Female","East Midlands",2000,4.9,4.525,1.71666666666667
"9","Female","East Midlands",2001,4.9,4.7,1.65
"10","Female","East Midlands",2002,4.8,4.55,1.51666666666667
"11","Female","East Midlands",2003,4.8,3.825,1.59166666666667
"12","Female","East Midlands",2004,5.4,4.1,1.43333333333333
"13","Female","East Midlands",2005,4.4,3.875,1.41666666666667
"14","Female","East Midlands",2006,4.8,5.125,1.61666666666667
"15","Female","East Midlands",2007,3.8,5.575,1.55833333333333
"16","Female","East Midlands",2008,4.3,5.55,1.6
"17","Female","East Midlands",2009,5.1,6.2,2.825
"18","Female","East Midlands",2010,4.1,7.45,2.85
"19","Female","East Midlands",2011,4.1,8.25,3.2
"20","Female","East Midlands",2012,3.5,8,3.46666666666667
"21","Female","East Midlands",2013,3.8,7.225,3.06666666666667
"22","Female","East Midlands",2014,4.9,5.325,2.24166666666667
"23","Female","East Midlands",2015,4.5,4.5,1.61666666666667
"24","Female","East Midlands",2016,3.6,4.75,1.40833333333333
"25","Female","East Midlands",2017,4.1,4.05,1.48333333333333
"26","Female","East Midlands",2018,4.7,4.3,1.76666666666667
"27","Female","East Midlands",2019,5.2,3.975,2.39166666666667
"28","Female","East Midlands",2020,3.9,4.7,4.54166666666667
"29","Female","East Midlands",2021,4.8,3.8,4.65
"30","Female","East",1993,5.7,7.3,4.94166666666667
"31","Female","East",1994,4.8,6.9,4.19166666666667
"32","Female","East",1995,4.6,6.275,3.51666666666667
"33","Female","East",1996,4.9,5.875,3.175
"34","Female","East",1997,4.8,5.2,2.19166666666667
"35","Female","East",1998,5.1,4.825,1.78333333333333
"36","Female","East",1999,4,3.875,1.61666666666667
"37","Female","East",2000,4.8,3.4,1.35
"38","Female","East",2001,5,4.05,1.15
"39","Female","East",2002,4.5,3.525,1.18333333333333
"40","Female","East",2003,4.8,3.925,1.21666666666667
"41","Female","East",2004,5.3,3.6,1.2
"42","Female","East",2005,4.6,4.125,1.24166666666667
"43","Female","East",2006,4.5,4.8,1.35
"44","Female","East",2007,4,4.975,1.30833333333333
"45","Female","East",2008,4.9,4.55,1.30833333333333
"46","Female","East",2009,3.9,5.95,2.4
"47","Female","East",2010,3.6,6.2,2.46666666666667
"48","Female","East",2011,4.5,6.475,2.88333333333333
"49","Female","East",2012,4.1,6.775,2.925
"50","Female","East",2013,3.9,6.1,2.65
"51","Female","East",2014,4.8,4.8,1.76666666666667
"52","Female","East",2015,4.4,4.1,1.26666666666667
"53","Female","East",2016,4.8,4.225,1.175
"54","Female","East",2017,4.5,3.775,1.24166666666667
"55","Female","East",2018,5.4,3.325,1.55833333333333
"56","Female","East",2019,5.9,3.1,2.10833333333333
"57","Female","East",2020,4.9,4.2,4.225
"58","Female","East",2021,4.1,3.575,4.45833333333333
"59","Female","London",1993,7.6,10.75,6.5
"60","Female","London",1994,6.1,9.85,5.8
"61","Female","London",1995,5.7,10.075,5.11666666666667
"62","Female","London",1996,5.4,9.325,4.88333333333333
"63","Female","London",1997,6,8.675,3.55
"64","Female","London",1998,6.9,7.25,2.90833333333333
"65","Female","London",1999,6.4,6.875,2.55
"66","Female","London",2000,5.8,6.7,2.09166666666667
"67","Female","London",2001,5.5,5.875,1.91666666666667
"68","Female","London",2002,5.4,6.125,2.15
"69","Female","London",2003,6.1,6.45,2.23333333333333
"70","Female","London",2004,5.2,7,2.13333333333333
"71","Female","London",2005,5.3,6.475,2.11666666666667
"72","Female","London",2006,4.6,7.85,2.225
"73","Female","London",2007,4.2,6.9,1.96666666666667
"74","Female","London",2008,4.2,7.325,1.85833333333333
"75","Female","London",2009,4.2,9.125,2.94166666666667
"76","Female","London",2010,3.9,9.225,3.24166666666667
"77","Female","London",2011,4.7,10,3.68333333333333
"78","Female","London",2012,4.1,9.5,3.625
"79","Female","London",2013,3.5,9.075,3.13333333333333
"80","Female","London",2014,3.5,7.525,2.25833333333333
"81","Female","London",2015,5.4,6.9,1.74166666666667
"82","Female","London",2016,3.7,6.35,1.68333333333333
"83","Female","London",2017,4,5.925,1.78333333333333
"84","Female","London",2018,4.1,4.975,1.95833333333333
"85","Female","London",2019,4.6,4.25,2.5
"86","Female","London",2020,3.4,6.05,5.19166666666667
"87","Female","London",2021,3.4,6.625,5.75
"88","Female","North East",1993,5.6,7.95,5.4
"89","Female","North East",1994,6.4,8.525,5.125
"90","Female","North East",1995,5.3,7.5,4.69166666666667
"91","Female","North East",1996,4.2,7.825,4.26666666666667
"92","Female","North East",1997,5.4,7.075,3.41666666666667
"93","Female","North East",1998,6.1,6.75,2.975
"94","Female","North East",1999,5.3,7.65,3.04166666666667
"95","Female","North East",2000,5.4,6.7,2.63333333333333
"96","Female","North East",2001,4.8,5.875,2.26666666666667
"97","Female","North East",2002,4.4,5.1,2.125
"98","Female","North East",2003,5,4.95,2.08333333333333
"99","Female","North East",2004,7.2,4.75,1.825
"100","Female","North East",2005,5.8,5.15,1.8
"101","Female","North East",2006,4.4,5.275,1.98333333333333
"102","Female","North East",2007,4,4.875,2.05833333333333
"103","Female","North East",2008,4.4,6.825,2.23333333333333
"104","Female","North East",2009,3.7,7.225,3.29166666666667
"105","Female","North East",2010,5.4,8.325,3.70833333333333
"106","Female","North East",2011,4.6,9.975,4.63333333333333
"107","Female","North East",2012,4,8.725,5.175
"108","Female","North East",2013,5.5,9.6,4.71666666666667
"109","Female","North East",2014,5.4,9.375,3.39166666666667
"110","Female","North East",2015,5.3,7.625,2.45833333333333
"111","Female","North East",2016,5.5,6.775,2.74166666666667
"112","Female","North East",2017,4.1,5.2,3.025
"113","Female","North East",2018,5.2,4.975,3.59166666666667
"114","Female","North East",2019,4.1,5.225,4.30833333333333
"115","Female","North East",2020,5.8,4.225,6.00833333333333
"116","Female","North East",2021,6.4,4.925,5.90833333333333
"117","Female","North West",1993,5.9,8.35,4.90833333333333
"118","Female","North West",1994,6.1,7.25,4.6
"119","Female","North West",1995,6.1,6.7,3.98333333333333
"120","Female","North West",1996,5.3,6,3.44166666666667
"121","Female","North West",1997,6.6,5.6,2.61666666666667
"122","Female","North West",1998,6.2,5.325,2.34166666666667
"123","Female","North West",1999,6.3,4.9,2.18333333333333
"124","Female","North West",2000,6,4.775,1.9
"125","Female","North West",2001,6.1,4.45,1.69166666666667
"126","Female","North West",2002,5.7,4.425,1.6
"127","Female","North West",2003,5.7,4.225,1.58333333333333
"128","Female","North West",2004,5.2,4.175,1.425
"129","Female","North West",2005,5.1,4.175,1.48333333333333
"130","Female","North West",2006,4.7,4.575,1.71666666666667
"131","Female","North West",2007,4.5,4.925,1.65
"132","Female","North West",2008,4.4,5.725,1.775
"133","Female","North West",2009,5.4,6.85,2.80833333333333
"134","Female","North West",2010,4.4,6.925,2.94166666666667
"135","Female","North West",2011,4.6,7.525,3.54166666666667
"136","Female","North West",2012,4.8,7.625,3.8
"137","Female","North West",2013,4.7,7.375,3.43333333333333
"138","Female","North West",2014,5.8,6.275,2.48333333333333
"139","Female","North West",2015,5.5,5.575,2.1
"140","Female","North West",2016,5,4.5,2.10833333333333
"141","Female","North West",2017,4.8,3.9,2.26666666666667
"142","Female","North West",2018,4.8,3.8,2.70833333333333
"143","Female","North West",2019,5.2,3.925,3.225
"144","Female","North West",2020,4.9,4.2,5.26666666666667
"145","Female","North West",2021,6.3,4.35,5.26666666666667
"146","Female","South East",1993,6.7,6.425,4.11666666666667
"147","Female","South East",1994,6,5.925,3.53333333333333
"148","Female","South East",1995,5.9,5.525,2.98333333333333
"149","Female","South East",1996,6.1,5.075,2.51666666666667
"150","Female","South East",1997,6.3,4.6,1.65
"151","Female","South East",1998,5.5,4.175,1.33333333333333
"152","Female","South East",1999,4.8,4.1,1.15
"153","Female","South East",2000,5.8,3.425,0.966666666666667
"154","Female","South East",2001,5,3.275,0.816666666666667
"155","Female","South East",2002,5.8,3.675,0.9
"156","Female","South East",2003,4.6,3.725,0.983333333333333
"157","Female","South East",2004,5.1,3.475,0.908333333333333
"158","Female","South East",2005,5.5,3.9,0.916666666666667
"159","Female","South East",2006,5.1,4.4,1.06666666666667
"160","Female","South East",2007,4.2,4.325,0.95
"161","Female","South East",2008,4.4,4.325,1.01666666666667
"162","Female","South East",2009,5,5.175,1.95
"163","Female","South East",2010,4.7,5.725,1.94166666666667
"164","Female","South East",2011,5.1,6.1,2.10833333333333
"165","Female","South East",2012,4.5,6.775,2.15
"166","Female","South East",2013,4.9,5.65,1.89166666666667
"167","Female","South East",2014,4.7,5,1.31666666666667
"168","Female","South East",2015,4.8,4.4,0.966666666666667
"169","Female","South East",2016,4.9,3.75,0.941666666666667
"170","Female","South East",2017,4.8,3.4,1.05833333333333
"171","Female","South East",2018,4.7,3.75,1.29166666666667
"172","Female","South East",2019,4.9,3,1.75
"173","Female","South East",2020,5.9,3.45,3.875
"174","Female","South East",2021,5.8,3.675,4.1
"175","Female","South West",1993,5.7,6.55,4.88333333333333
"176","Female","South West",1994,5.7,5.85,4.25
"177","Female","South West",1995,6.2,6.15,3.59166666666667
"178","Female","South West",1996,6.1,5.35,3.18333333333333
"179","Female","South West",1997,5.1,4.975,2.19166666666667
"180","Female","South West",1998,6,4.275,1.85833333333333
"181","Female","South West",1999,6.4,4.175,1.66666666666667
"182","Female","South West",2000,6.3,3.95,1.35
"183","Female","South West",2001,4.5,3.6,1.15
"184","Female","South West",2002,5.9,3.45,1.1
"185","Female","South West",2003,5,3.225,1.00833333333333
"186","Female","South West",2004,6,2.8,0.916666666666667
"187","Female","South West",2005,5,3.5,0.9
"188","Female","South West",2006,4.7,3.7,0.991666666666667
"189","Female","South West",2007,4.7,3.925,0.925
"190","Female","South West",2008,4.8,3.725,1
"191","Female","South West",2009,5.3,5.35,1.88333333333333
"192","Female","South West",2010,5.4,5.8,1.83333333333333
"193","Female","South West",2011,5.2,5.825,2.16666666666667
"194","Female","South West",2012,5.3,5.4,2.19166666666667
"195","Female","South West",2013,5.9,5.725,1.88333333333333
"196","Female","South West",2014,6.5,4.3,1.30833333333333
"197","Female","South West",2015,5.7,4.475,1.00833333333333
"198","Female","South West",2016,5.6,3.95,1.01666666666667
"199","Female","South West",2017,5.6,4.025,1.15
"200","Female","South West",2018,5.7,3.2,1.48333333333333
"201","Female","South West",2019,4.9,2.525,1.89166666666667
"202","Female","South West",2020,5.8,3.525,3.76666666666667
"203","Female","South West",2021,7.1,3.425,3.74166666666667
"204","Female","Wales",1993,5,7.1,4.675
"205","Female","Wales",1994,5.8,7.8,4.45833333333333
"206","Female","Wales",1995,4.8,7.025,3.96666666666667
"207","Female","Wales",1996,4.2,6.425,3.66666666666667
"208","Female","Wales",1997,5.8,6.25,2.85
"209","Female","Wales",1998,6.4,6.175,2.55
"210","Female","Wales",1999,5,5.7,2.41666666666667
"211","Female","Wales",2000,5.2,5.175,2.025
"212","Female","Wales",2001,4.6,4.9,1.9
"213","Female","Wales",2002,5.7,4.9,1.675
"214","Female","Wales",2003,6,3.575,1.6
"215","Female","Wales",2004,5.5,4.35,1.475
"216","Female","Wales",2005,4.3,3.6,1.45
"217","Female","Wales",2006,5.7,4.55,1.6
"218","Female","Wales",2007,4.3,5.475,1.54166666666667
"219","Female","Wales",2008,5.2,5.225,1.65
"220","Female","Wales",2009,4.2,6.5,2.78333333333333
"221","Female","Wales",2010,4.5,7.2,2.94166666666667
"222","Female","Wales",2011,5.1,6.875,3.375
"223","Female","Wales",2012,5.6,8.425,3.725
"224","Female","Wales",2013,5.5,7.45,3.56666666666667
"225","Female","Wales",2014,3.4,5.8,2.68333333333333
"226","Female","Wales",2015,5.5,4.9,2.225
"227","Female","Wales",2016,4,3.875,2.10833333333333
"228","Female","Wales",2017,5.8,4.525,1.94166666666667
"229","Female","Wales",2018,6.9,3.85,2.20833333333333
"230","Female","Wales",2019,5.8,3.625,2.91666666666667
"231","Female","Wales",2020,4.3,3.825,4.85833333333333
"232","Female","Wales",2021,5.9,3.55,4.79166666666667
"233","Female","West Midlands",1993,5.6,9.1,5.55833333333333
"234","Female","West Midlands",1994,5.1,7.875,5.075
"235","Female","West Midlands",1995,4.8,6.9,4.31666666666667
"236","Female","West Midlands",1996,5,6.825,3.68333333333333
"237","Female","West Midlands",1997,4.4,6.1,2.74166666666667
"238","Female","West Midlands",1998,4.3,5.525,2.44166666666667
"239","Female","West Midlands",1999,5.9,6.25,2.31666666666667
"240","Female","West Midlands",2000,5.9,5.375,2.08333333333333
"241","Female","West Midlands",2001,5.1,4.55,1.925
"242","Female","West Midlands",2002,4.1,5.3,1.8
"243","Female","West Midlands",2003,4.7,5.225,1.83333333333333
"244","Female","West Midlands",2004,5.1,4.7,1.73333333333333
"245","Female","West Midlands",2005,5,4.45,1.8
"246","Female","West Midlands",2006,4.3,5.6,2.1
"247","Female","West Midlands",2007,3.7,5.95,2.08333333333333
"248","Female","West Midlands",2008,4.2,5.675,2.13333333333333
"249","Female","West Midlands",2009,4.4,7.675,3.45
"250","Female","West Midlands",2010,4.7,7.775,3.59166666666667
"251","Female","West Midlands",2011,4.4,8.35,4.04166666666667
"252","Female","West Midlands",2012,3.8,8.4,4.175
"253","Female","West Midlands",2013,3.6,8.9,3.94166666666667
"254","Female","West Midlands",2014,5,6.775,2.9
"255","Female","West Midlands",2015,4.1,5.625,2.175
"256","Female","West Midlands",2016,4.1,5.9,2.10833333333333
"257","Female","West Midlands",2017,4.6,5.825,2.19166666666667
"258","Female","West Midlands",2018,4.9,5.05,2.66666666666667
"259","Female","West Midlands",2019,4.8,4.525,3.54166666666667
"260","Female","West Midlands",2020,5.2,5.6,5.825
"261","Female","West Midlands",2021,5.6,5.45,6.025
"262","Female","Yorkshire and The Humber",1993,5.8,7.775,4.825
"263","Female","Yorkshire and The Humber",1994,5.5,7.55,4.53333333333333
"264","Female","Yorkshire and The Humber",1995,6.2,6.5,4.075
"265","Female","Yorkshire and The Humber",1996,5.7,6.2,3.56666666666667
"266","Female","Yorkshire and The Humber",1997,4.8,5.95,2.80833333333333
"267","Female","Yorkshire and The Humber",1998,5.4,5.85,2.58333333333333
"268","Female","Yorkshire and The Humber",1999,5,5.1,2.5
"269","Female","Yorkshire and The Humber",2000,5.6,5.3,2.09166666666667
"270","Female","Yorkshire and The Humber",2001,4.9,4.15,1.85
"271","Female","Yorkshire and The Humber",2002,4.8,4.375,1.75
"272","Female","Yorkshire and The Humber",2003,4.7,4.125,1.68333333333333
"273","Female","Yorkshire and The Humber",2004,5.4,4.3,1.45
"274","Female","Yorkshire and The Humber",2005,5.6,4.175,1.525
"275","Female","Yorkshire and The Humber",2006,4,4.975,1.76666666666667
"276","Female","Yorkshire and The Humber",2007,3.9,4.675,1.66666666666667
"277","Female","Yorkshire and The Humber",2008,4.3,5.275,1.8
"278","Female","Yorkshire and The Humber",2009,3.5,6.975,2.95833333333333
"279","Female","Yorkshire and The Humber",2010,4,7.55,3.2
"280","Female","Yorkshire and The Humber",2011,4.4,7.8,3.825
"281","Female","Yorkshire and The Humber",2012,4.2,8.075,4.28333333333333
"282","Female","Yorkshire and The Humber",2013,4.1,8.15,3.925
"283","Female","Yorkshire and The Humber",2014,4.1,7.725,2.95
"284","Female","Yorkshire and The Humber",2015,5.6,5.775,2.19166666666667
"285","Female","Yorkshire and The Humber",2016,4.2,5.25,1.925
"286","Female","Yorkshire and The Humber",2017,4.6,4.425,2.04166666666667
"287","Female","Yorkshire and The Humber",2018,5.7,5.325,2.41666666666667
"288","Female","Yorkshire and The Humber",2019,7.3,4.75,3.03333333333333
"289","Female","Yorkshire and The Humber",2020,5.3,4.025,5.23333333333333
"290","Female","Yorkshire and The Humber",2021,7,4.15,5.4
"291","Male","East Midlands",1993,19.2,10.125,12.5416666666667
"292","Male","East Midlands",1994,18.7,9.375,11.1916666666667
"293","Male","East Midlands",1995,16,8.35,9.725
"294","Male","East Midlands",1996,17.4,8.1,9.725
"295","Male","East Midlands",1997,15,6.075,6.7
"296","Male","East Midlands",1998,16.5,5.375,5.54166666666667
"297","Male","East Midlands",1999,17.8,5.8,5.1
"298","Male","East Midlands",2000,17.6,5.225,4.70833333333333
"299","Male","East Midlands",2001,16.9,4.825,4.275
"300","Male","East Midlands",2002,15,4.9,3.96666666666667
"301","Male","East Midlands",2003,15.9,4.825,3.81666666666667
"302","Male","East Midlands",2004,15.9,4.45,3.4
"303","Male","East Midlands",2005,15,4.875,3.36666666666667
"304","Male","East Midlands",2006,14,5.625,3.78333333333333
"305","Male","East Midlands",2007,14.5,5.25,3.425
"306","Male","East Midlands",2008,12.9,6.1,3.66666666666667
"307","Male","East Midlands",2009,13.9,8.225,6.38333333333333
"308","Male","East Midlands",2010,12.4,8.125,5.85833333333333
"309","Male","East Midlands",2011,14.5,7.975,5.575
"310","Male","East Midlands",2012,15.6,8.2,5.725
"311","Male","East Midlands",2013,15.7,7.95,4.81666666666667
"312","Male","East Midlands",2014,16.3,6.225,3.36666666666667
"313","Male","East Midlands",2015,15.3,5.025,2.44166666666667
"314","Male","East Midlands",2016,13.6,4.55,2.225
"315","Male","East Midlands",2017,12.4,4.15,2.225
"316","Male","East Midlands",2018,14.8,4.65,2.45833333333333
"317","Male","East Midlands",2019,16.7,4.375,3.04166666666667
"318","Male","East Midlands",2020,15,5.425,5.825
"319","Male","East Midlands",2021,17.2,4.8,5.86666666666667
"320","Male","East",1993,16.8,10.575,11.8166666666667
"321","Male","East",1994,16.7,9.2,10.3583333333333
"322","Male","East",1995,16.8,8.55,8.39166666666667
"323","Male","East",1996,16.2,7.15,8.10833333333333
"324","Male","East",1997,14.1,6.425,5.49166666666667
"325","Male","East",1998,16.4,4.75,4.36666666666667
"326","Male","East",1999,15.9,4.5,3.925
"327","Male","East",2000,14.5,4.075,3.2
"328","Male","East",2001,14.1,3.525,2.68333333333333
"329","Male","East",2002,15.8,4.15,2.775
"330","Male","East",2003,14.2,4.15,2.775
"331","Male","East",2004,13.7,3.75,2.58333333333333
"332","Male","East",2005,14.4,4.125,2.76666666666667
"333","Male","East",2006,13.2,4.95,3
"334","Male","East",2007,13.3,4.675,2.74166666666667
"335","Male","East",2008,14.9,5.25,2.88333333333333
"336","Male","East",2009,13.1,6.8,5.16666666666667
"337","Male","East",2010,14.3,7.25,4.90833333333333
"338","Male","East",2011,14.5,7.2,4.63333333333333
"339","Male","East",2012,13,7.075,4.58333333333333
"340","Male","East",2013,14,6.525,3.80833333333333
"341","Male","East",2014,15.2,5.6,2.525
"342","Male","East",2015,14.5,4.65,1.81666666666667
"343","Male","East",2016,15.2,4,1.75
"344","Male","East",2017,13.2,4.3,1.71666666666667
"345","Male","East",2018,17.6,3.175,1.95
"346","Male","East",2019,17.5,3.15,2.46666666666667
"347","Male","East",2020,14.5,4.3,5.275
"348","Male","East",2021,12.5,3.625,5.45833333333333
"349","Male","London",1993,17.5,16.45,14.1833333333333
"350","Male","London",1994,19,15.4,13.4333333333333
"351","Male","London",1995,17.2,13.575,11.9166666666667
"352","Male","London",1996,16.1,13.2,11.6083333333333
"353","Male","London",1997,16.7,10.4,8.35
"354","Male","London",1998,18.6,8.925,6.70833333333333
"355","Male","London",1999,16.2,7.9,5.875
"356","Male","London",2000,14.8,7.65,4.95833333333333
"357","Male","London",2001,15.4,7.425,4.25833333333333
"358","Male","London",2002,14.7,7.55,4.55833333333333
"359","Male","London",2003,14.7,7.75,4.61666666666667
"360","Male","London",2004,15,7.3,4.41666666666667
"361","Male","London",2005,14.8,7.5,4.4
"362","Male","London",2006,14.5,7.975,4.28333333333333
"363","Male","London",2007,12.8,6.975,3.74166666666667
"364","Male","London",2008,13.3,7.2,3.38333333333333
"365","Male","London",2009,12.9,9.025,5.125
"366","Male","London",2010,13.4,9.475,5.18333333333333
"367","Male","London",2011,12.4,10.1,5.16666666666667
"368","Male","London",2012,12.7,9.25,4.775
"369","Male","London",2013,11.7,8.65,3.99166666666667
"370","Male","London",2014,12.4,6.5,2.80833333333333
"371","Male","London",2015,15.9,6.05,2.18333333333333
"372","Male","London",2016,12,5.325,2.025
"373","Male","London",2017,11.6,5.075,2.075
"374","Male","London",2018,13.8,4.675,2.25
"375","Male","London",2019,11.8,4.65,2.71666666666667
"376","Male","London",2020,10.8,5.6,6.075
"377","Male","London",2021,9.9,5.575,6.83333333333333
"378","Male","North East",1993,19.4,16.75,17.3583333333333
"379","Male","North East",1994,17.6,15.9,17.0166666666667
"380","Male","North East",1995,19.9,14.675,15.7333333333333
"381","Male","North East",1996,19.6,12.725,15.2416666666667
"382","Male","North East",1997,17.9,11.025,11.5416666666667
"383","Male","North East",1998,20.3,10.35,10.4166666666667
"384","Male","North East",1999,18.6,10.8,10.1916666666667
"385","Male","North East",2000,20,10.3,9.31666666666667
"386","Male","North East",2001,18.3,8.575,8.48333333333333
"387","Male","North East",2002,17.5,8.3,7.55833333333333
"388","Male","North East",2003,20.6,7.675,6.525
"389","Male","North East",2004,20.3,6.85,5.83333333333333
"390","Male","North East",2005,16.5,7.375,5.525
"391","Male","North East",2006,16.5,7.575,5.86666666666667
"392","Male","North East",2007,15.7,7.35,5.60833333333333
"393","Male","North East",2008,16.3,8.325,6.14166666666667
"394","Male","North East",2009,17.6,11.275,9.45
"395","Male","North East",2010,15.5,10.85,8.85
"396","Male","North East",2011,19.6,11.75,8.85
"397","Male","North East",2012,17.7,11.75,9.71666666666667
"398","Male","North East",2013,20.8,10.65,7.78333333333333
"399","Male","North East",2014,21.4,9.2,6.01666666666667
"400","Male","North East",2015,16.8,8.825,4.75833333333333
"401","Male","North East",2016,15.9,7.725,5.13333333333333
"402","Male","North East",2017,17.8,6.375,5.09166666666667
"403","Male","North East",2018,20.4,5,5.36666666666667
"404","Male","North East",2019,19.1,6.35,6.20833333333333
"405","Male","North East",2020,21.1,7.6,9.14166666666667
"406","Male","North East",2021,22.2,6.35,8.4
"407","Male","North West",1993,18.7,12.625,13.9333333333333
"408","Male","North West",1994,18.1,12.45,13.0583333333333
"409","Male","North West",1995,19.1,10.775,11.4583333333333
"410","Male","North West",1996,18.1,9.825,11.125
"411","Male","North West",1997,18.8,8.325,8.28333333333333
"412","Male","North West",1998,21.4,8.225,7.31666666666667
"413","Male","North West",1999,20.8,7.525,6.575
"414","Male","North West",2000,19.7,6.2,5.93333333333333
"415","Male","North West",2001,18.9,6.05,5.39166666666667
"416","Male","North West",2002,16.3,6.275,5.11666666666667
"417","Male","North West",2003,16.1,5.55,4.66666666666667
"418","Male","North West",2004,16.6,4.925,4.1
"419","Male","North West",2005,17.9,5.125,4.15
"420","Male","North West",2006,16.7,5.925,4.65833333333333
"421","Male","North West",2007,16.8,6.775,4.31666666666667
"422","Male","North West",2008,16,7.725,4.70833333333333
"423","Male","North West",2009,18.1,9.9,7.4
"424","Male","North West",2010,16.1,9.35,7.00833333333333
"425","Male","North West",2011,17.4,9.675,6.875
"426","Male","North West",2012,18.2,10.075,7.125
"427","Male","North West",2013,18.8,9.125,5.84166666666667
"428","Male","North West",2014,17.7,7.475,4.15
"429","Male","North West",2015,16.4,5.625,3.45
"430","Male","North West",2016,16.2,5.725,3.3
"431","Male","North West",2017,15.6,4.575,3.28333333333333
"432","Male","North West",2018,17,4.525,3.54166666666667
"433","Male","North West",2019,17.3,4.525,4.15
"434","Male","North West",2020,15.5,4.75,7.20833333333333
"435","Male","North West",2021,19.7,4.975,7.33333333333333
"436","Male","South East",1993,17.5,9.7,11.45
"437","Male","South East",1994,17.3,8.275,9.575
"438","Male","South East",1995,17.2,7.45,7.79166666666667
"439","Male","South East",1996,16,6.85,7.21666666666667
"440","Male","South East",1997,15.9,5.325,4.68333333333333
"441","Male","South East",1998,17,4.425,3.69166666666667
"442","Male","South East",1999,16.9,3.875,3.20833333333333
"443","Male","South East",2000,15.9,3.3,2.61666666666667
"444","Male","South East",2001,15.4,3.4,2.16666666666667
"445","Male","South East",2002,15.4,4.075,2.26666666666667
"446","Male","South East",2003,15.6,4.125,2.375
"447","Male","South East",2004,14.7,3.95,2.175
"448","Male","South East",2005,14.4,4.075,2.2
"449","Male","South East",2006,13.8,4.625,2.48333333333333
"450","Male","South East",2007,13,4.65,2.15
"451","Male","South East",2008,14,4.475,2.25833333333333
"452","Male","South East",2009,14.7,6.625,4.43333333333333
"453","Male","South East",2010,13.8,6.775,4.05833333333333
"454","Male","South East",2011,14.5,6.35,3.75
"455","Male","South East",2012,14.4,6.375,3.66666666666667
"456","Male","South East",2013,16.9,6.35,3.01666666666667
"457","Male","South East",2014,15.9,4.65,1.99166666666667
"458","Male","South East",2015,14.8,4.1,1.49166666666667
"459","Male","South East",2016,14.5,3.6,1.38333333333333
"460","Male","South East",2017,13.6,3.25,1.5
"461","Male","South East",2018,13.5,3.45,1.76666666666667
"462","Male","South East",2019,16.8,3.325,2.18333333333333
"463","Male","South East",2020,15.6,3.875,5.05833333333333
"464","Male","South East",2021,15.4,4.275,5.2
"465","Male","South West",1993,17.1,11,12.2666666666667
"466","Male","South West",1994,16.8,9.35,10.5166666666667
"467","Male","South West",1995,18.7,8.75,8.875
"468","Male","South West",1996,18.4,7.575,8.525
"469","Male","South West",1997,16.6,5.925,5.76666666666667
"470","Male","South West",1998,17,5.15,4.625
"471","Male","South West",1999,17.8,4.85,4.10833333333333
"472","Male","South West",2000,17.6,4.375,3.45
"473","Male","South West",2001,17.2,3.725,2.85
"474","Male","South West",2002,15,4.25,2.61666666666667
"475","Male","South West",2003,16.2,3.575,2.6
"476","Male","South West",2004,16.5,3.7,2.175
"477","Male","South West",2005,15.6,3.8,2.175
"478","Male","South West",2006,16,3.85,2.44166666666667
"479","Male","South West",2007,13.8,3.975,2.16666666666667
"480","Male","South West",2008,14.9,4.5,2.3
"481","Male","South West",2009,17.4,7.275,4.44166666666667
"482","Male","South West",2010,16.6,6.325,4.01666666666667
"483","Male","South West",2011,17.2,7.225,3.79166666666667
"484","Male","South West",2012,17.2,6.55,4.03333333333333
"485","Male","South West",2013,17.9,6.975,3.28333333333333
"486","Male","South West",2014,16,5.475,2.18333333333333
"487","Male","South West",2015,14.7,4,1.60833333333333
"488","Male","South West",2016,17.1,4.125,1.66666666666667
"489","Male","South West",2017,15.7,3.525,1.69166666666667
"490","Male","South West",2018,17.7,3.15,1.925
"491","Male","South West",2019,19.4,2.9,2.40833333333333
"492","Male","South West",2020,16.9,4.575,4.975
"493","Male","South West",2021,18.6,3.575,4.86666666666667
"494","Male","Wales",1993,18.7,12.6,13.7
"495","Male","Wales",1994,20.1,11.525,12.2583333333333
"496","Male","Wales",1995,21.5,10.05,11.4416666666667
"497","Male","Wales",1996,18.5,10.225,11.7833333333333
"498","Male","Wales",1997,17.4,9,9.00833333333333
"499","Male","Wales",1998,19.4,8.05,7.93333333333333
"500","Male","Wales",1999,22.4,8.775,7.08333333333333
"501","Male","Wales",2000,20.6,7.425,6.55
"502","Male","Wales",2001,21,6.825,5.60833333333333
"503","Male","Wales",2002,18.5,6,5.13333333333333
"504","Male","Wales",2003,20.2,5.875,4.78333333333333
"505","Male","Wales",2004,20.9,4.7,4.29166666666667
"506","Male","Wales",2005,17.1,5.65,4.21666666666667
"507","Male","Wales",2006,17.8,6,4.33333333333333
"508","Male","Wales",2007,18.7,5.375,3.9
"509","Male","Wales",2008,15.1,6.825,4.44166666666667
"510","Male","Wales",2009,15.4,9.8,7.30833333333333
"511","Male","Wales",2010,17.6,10.4,6.875
"512","Male","Wales",2011,20.3,10.75,6.75833333333333
"513","Male","Wales",2012,20.1,9.075,7.11666666666667
"514","Male","Wales",2013,24.5,8.325,6.35
"515","Male","Wales",2014,15.3,7.8,4.575
"516","Male","Wales",2015,21,7.25,3.575
"517","Male","Wales",2016,20,5.325,3.325
"518","Male","Wales",2017,20.9,4.85,3.15
"519","Male","Wales",2018,19.1,4.625,3.26666666666667
"520","Male","Wales",2019,18.8,4.2,3.99166666666667
"521","Male","Wales",2020,16.7,3.85,7.09166666666667
"522","Male","Wales",2021,19.7,4.375,6.44166666666667
"523","Male","West Midlands",1993,19.5,13.925,13.8666666666667
"524","Male","West Midlands",1994,16.6,11.3,12.7416666666667
"525","Male","West Midlands",1995,16.2,10.15,10.3333333333333
"526","Male","West Midlands",1996,15.1,9.925,9.66666666666667
"527","Male","West Midlands",1997,14.6,7.7,7.15833333333333
"528","Male","West Midlands",1998,16.6,6.8,6.125
"529","Male","West Midlands",1999,19,7.325,6.19166666666667
"530","Male","West Midlands",2000,18.8,6.55,5.575
"531","Male","West Midlands",2001,18.3,6.4,5.18333333333333
"532","Male","West Midlands",2002,16.3,6.1,4.88333333333333
"533","Male","West Midlands",2003,15.7,6.4,4.76666666666667
"534","Male","West Midlands",2004,15,5.725,4.45
"535","Male","West Midlands",2005,13.7,5.225,4.74166666666667
"536","Male","West Midlands",2006,13.6,6.275,5.28333333333333
"537","Male","West Midlands",2007,11.7,6.8,4.96666666666667
"538","Male","West Midlands",2008,15.7,7.775,5.075
"539","Male","West Midlands",2009,14.3,11.75,8.425
"540","Male","West Midlands",2010,14.3,10.425,7.86666666666667
"541","Male","West Midlands",2011,13.8,9.975,7.625
"542","Male","West Midlands",2012,14.8,9.35,7.26666666666667
"543","Male","West Midlands",2013,16.2,10,5.86666666666667
"544","Male","West Midlands",2014,18.5,7.975,4.25833333333333
"545","Male","West Midlands",2015,15.2,6.325,3.15833333333333
"546","Male","West Midlands",2016,13.9,5.875,3.25
"547","Male","West Midlands",2017,15.4,5.625,3.29166666666667
"548","Male","West Midlands",2018,15.7,5.125,3.53333333333333
"549","Male","West Midlands",2019,16.4,4.825,4.225
"550","Male","West Midlands",2020,16.4,5.3,7.24166666666667
"551","Male","West Midlands",2021,16.6,5.25,7.7
"552","Male","Yorkshire and The Humber",1993,17.3,12.4,13.5666666666667
"553","Male","Yorkshire and The Humber",1994,18.8,11.425,12.8833333333333
"554","Male","Yorkshire and The Humber",1995,18.4,10.075,11.4333333333333
"555","Male","Yorkshire and The Humber",1996,16.8,10.1,11.3416666666667
"556","Male","Yorkshire and The Humber",1997,17.8,8.875,8.80833333333333
"557","Male","Yorkshire and The Humber",1998,20,8.325,7.75
"558","Male","Yorkshire and The Humber",1999,19.1,7.4,7.05
"559","Male","Yorkshire and The Humber",2000,16.1,6.95,6.175
"560","Male","Yorkshire and The Humber",2001,16.1,6.4,5.63333333333333
"561","Male","Yorkshire and The Humber",2002,16.3,6.025,5.14166666666667
"562","Male","Yorkshire and The Humber",2003,14.8,5.9,4.66666666666667
"563","Male","Yorkshire and The Humber",2004,16.9,5,3.98333333333333
"564","Male","Yorkshire and The Humber",2005,16.2,5.35,4.08333333333333
"565","Male","Yorkshire and The Humber",2006,14.5,6.525,4.6
"566","Male","Yorkshire and The Humber",2007,15.1,6.4,4.225
"567","Male","Yorkshire and The Humber",2008,16.1,6.9,4.60833333333333
"568","Male","Yorkshire and The Humber",2009,14.4,10.075,7.74166666666667
"569","Male","Yorkshire and The Humber",2010,12.6,10.925,7.53333333333333
"570","Male","Yorkshire and The Humber",2011,15.9,10.9,7.39166666666667
"571","Male","Yorkshire and The Humber",2012,16.9,10.275,7.68333333333333
"572","Male","Yorkshire and The Humber",2013,17.9,9.675,6.45
"573","Male","Yorkshire and The Humber",2014,15.6,7.1,4.79166666666667
"574","Male","Yorkshire and The Humber",2015,17.9,6.975,3.59166666666667
"575","Male","Yorkshire and The Humber",2016,15.8,6.275,3.25
"576","Male","Yorkshire and The Humber",2017,15.3,5.45,3.10833333333333
"577","Male","Yorkshire and The Humber",2018,19,4.6,3.33333333333333
"578","Male","Yorkshire and The Humber",2019,20.6,4.525,4
"579","Male","Yorkshire and The Humber",2020,18,5.375,6.90833333333333
"580","Male","Yorkshire and The Humber",2021,17.8,5.075,7.06666666666667
