"Table 1: Alcohol-specific age-standardised death rates, for English regions and constituent countries of the United Kingdom, 2001 to 2021 [note 2] [note 4] [note 6] [note 7] [note 8]",,,,,,,,,,,,,,,,,,,,,,,,
This worksheet contains one table. Some cells refer to notes which can be found on the 'Notes' worksheet.,,,,,,,,,,,,,,,,,,,,,,,,
Source: Office for National Statistics,,,,,,,,,,,,,,,,,,,,,,,,
,,,,,,,,,,,,,,,,,,,,,,,,
Area code,Area name,Sex,Year [note 3],Number of deaths,"Age-standardised rate per 100,000",Lower 95% confidence interval,Upper 95% confidence interval,,,,,,,,,,,,,,,,,
E12000001,North East,Females,2001,96,7.8,6.3,9.5,,,,,,,,,,,,,,,,,
E12000001,North East,Males,2001,165,14.3,12.1,16.5,,,,,,,,,,,,,,,,,
E12000001,North East,Persons,2001,261,10.9,9.6,12.2,,,,,,,,,,,,,,,,,
E12000001,North East,Females,2002,76,6.1,4.8,7.7,,,,,,,,,,,,,,,,,
E12000001,North East,Males,2002,185,15.8,13.5,18.1,,,,,,,,,,,,,,,,,
E12000001,North East,Persons,2002,261,10.8,9.5,12.1,,,,,,,,,,,,,,,,,
E12000001,North East,Females,2003,110,8.8,7.2,10.5,,,,,,,,,,,,,,,,,
E12000001,North East,Males,2003,187,16.0,13.7,18.3,,,,,,,,,,,,,,,,,
E12000001,North East,Persons,2003,297,12.2,10.9,13.6,,,,,,,,,,,,,,,,,
E12000001,North East,Females,2004,112,9.0,7.3,10.6,,,,,,,,,,,,,,,,,
E12000001,North East,Males,2004,221,18.8,16.3,21.3,,,,,,,,,,,,,,,,,
E12000001,North East,Persons,2004,333,13.7,12.2,15.1,,,,,,,,,,,,,,,,,
E12000001,North East,Females,2005,102,8.1,6.6,9.7,,,,,,,,,,,,,,,,,
E12000001,North East,Males,2005,210,17.5,15.1,19.8,,,,,,,,,,,,,,,,,
E12000001,North East,Persons,2005,312,12.7,11.3,14.1,,,,,,,,,,,,,,,,,
E12000001,North East,Females,2006,105,8.3,6.7,9.9,,,,,,,,,,,,,,,,,
E12000001,North East,Males,2006,237,19.6,17.1,22.1,,,,,,,,,,,,,,,,,
E12000001,North East,Persons,2006,342,13.7,12.3,15.2,,,,,,,,,,,,,,,,,
E12000001,North East,Females,2007,133,10.4,8.6,12.1,,,,,,,,,,,,,,,,,
E12000001,North East,Males,2007,236,19.4,16.9,21.9,,,,,,,,,,,,,,,,,
E12000001,North East,Persons,2007,369,14.8,13.3,16.3,,,,,,,,,,,,,,,,,
E12000001,North East,Females,2008,141,11.0,9.2,12.9,,,,,,,,,,,,,,,,,
E12000001,North East,Males,2008,259,21.5,18.8,24.1,,,,,,,,,,,,,,,,,
E12000001,North East,Persons,2008,400,16.1,14.5,17.7,,,,,,,,,,,,,,,,,
E12000001,North East,Females,2009,122,9.5,7.8,11.2,,,,,,,,,,,,,,,,,
E12000001,North East,Males,2009,233,18.9,16.4,21.3,,,,,,,,,,,,,,,,,
E12000001,North East,Persons,2009,355,14.1,12.6,15.6,,,,,,,,,,,,,,,,,
E12000001,North East,Females,2010,117,9.0,7.4,10.7,,,,,,,,,,,,,,,,,
E12000001,North East,Males,2010,256,20.7,18.1,23.2,,,,,,,,,,,,,,,,,
E12000001,North East,Persons,2010,373,14.7,13.2,16.2,,,,,,,,,,,,,,,,,
E12000001,North East,Females,2011,126,9.7,8.0,11.3,,,,,,,,,,,,,,,,,
E12000001,North East,Males,2011,253,20.4,17.9,23.0,,,,,,,,,,,,,,,,,
E12000001,North East,Persons,2011,379,14.9,13.4,16.4,,,,,,,,,,,,,,,,,
E12000001,North East,Females,2012,114,8.7,7.1,10.3,,,,,,,,,,,,,,,,,
E12000001,North East,Males,2012,198,16.1,13.8,18.3,,,,,,,,,,,,,,,,,
E12000001,North East,Persons,2012,312,12.2,10.9,13.6,,,,,,,,,,,,,,,,,
E12000001,North East,Females,2013,123,9.4,7.7,11.0,,,,,,,,,,,,,,,,,
E12000001,North East,Males,2013,238,19.0,16.6,21.5,,,,,,,,,,,,,,,,,
E12000001,North East,Persons,2013,361,14.0,12.6,15.5,,,,,,,,,,,,,,,,,
E12000001,North East,Females,2014,169,12.9,11.0,14.9,,,,,,,,,,,,,,,,,
E12000001,North East,Males,2014,261,20.9,18.4,23.4,,,,,,,,,,,,,,,,,
E12000001,North East,Persons,2014,430,16.8,15.2,18.4,,,,,,,,,,,,,,,,,
E12000001,North East,Females,2015,159,12.0,10.2,13.9,,,,,,,,,,,,,,,,,
E12000001,North East,Males,2015,264,21.1,18.6,23.7,,,,,,,,,,,,,,,,,
E12000001,North East,Persons,2015,423,16.4,14.9,18.0,,,,,,,,,,,,,,,,,
E12000001,North East,Females,2016,140,10.4,8.7,12.2,,,,,,,,,,,,,,,,,
E12000001,North East,Males,2016,275,21.9,19.3,24.5,,,,,,,,,,,,,,,,,
E12000001,North East,Persons,2016,415,16.0,14.4,17.5,,,,,,,,,,,,,,,,,
E12000001,North East,Females,2017,146,11.1,9.3,12.9,,,,,,,,,,,,,,,,,
E12000001,North East,Males,2017,253,20.1,17.6,22.6,,,,,,,,,,,,,,,,,
E12000001,North East,Persons,2017,399,15.5,13.9,17.0,,,,,,,,,,,,,,,,,
E12000001,North East,Females,2018,143,10.7,9.0,12.5,,,,,,,,,,,,,,,,,
E12000001,North East,Males,2018,268,21.3,18.7,23.8,,,,,,,,,,,,,,,,,
E12000001,North East,Persons,2018,411,15.8,14.3,17.4,,,,,,,,,,,,,,,,,
E12000001,North East,Females,2019,151,11.2,9.4,13.0,,,,,,,,,,,,,,,,,
E12000001,North East,Males,2019,286,22.5,19.9,25.1,,,,,,,,,,,,,,,,,
E12000001,North East,Persons,2019,437,16.6,15.1,18.2,,,,,,,,,,,,,,,,,
E12000001,North East,Females,2020,197,14.9,12.8,17.0,,,,,,,,,,,,,,,,,
E12000001,North East,Males,2020,325,25.6,22.8,28.4,,,,,,,,,,,,,,,,,
E12000001,North East,Persons,2020,522,20.0,18.3,21.8,,,,,,,,,,,,,,,,,
E12000001,North East,Females,2021,188,13.9,11.9,15.9,,,,,,,,,,,,,,,,,
E12000001,North East,Males,2021,353,27.4,24.5,30.3,,,,,,,,,,,,,,,,,
E12000001,North East,Persons,2021,541,20.4,18.7,22.2,,,,,,,,,,,,,,,,,
E12000002,North West,Females,2001,278,8.6,7.6,9.6,,,,,,,,,,,,,,,,,
E12000002,North West,Males,2001,517,17.1,15.6,18.6,,,,,,,,,,,,,,,,,
E12000002,North West,Persons,2001,795,12.7,11.8,13.5,,,,,,,,,,,,,,,,,
E12000002,North West,Females,2002,277,8.6,7.5,9.6,,,,,,,,,,,,,,,,,
E12000002,North West,Males,2002,524,17.2,15.8,18.7,,,,,,,,,,,,,,,,,
E12000002,North West,Persons,2002,801,12.7,11.8,13.6,,,,,,,,,,,,,,,,,
E12000002,North West,Females,2003,280,8.6,7.6,9.6,,,,,,,,,,,,,,,,,
E12000002,North West,Males,2003,585,18.6,17.1,20.1,,,,,,,,,,,,,,,,,
E12000002,North West,Persons,2003,865,13.5,12.6,14.4,,,,,,,,,,,,,,,,,
E12000002,North West,Females,2004,329,10.0,8.9,11.1,,,,,,,,,,,,,,,,,
E12000002,North West,Males,2004,595,19.0,17.4,20.5,,,,,,,,,,,,,,,,,
E12000002,North West,Persons,2004,924,14.3,13.4,15.3,,,,,,,,,,,,,,,,,
E12000002,North West,Females,2005,328,9.8,8.8,10.9,,,,,,,,,,,,,,,,,
E12000002,North West,Males,2005,613,19.2,17.6,20.7,,,,,,,,,,,,,,,,,
E12000002,North West,Persons,2005,941,14.4,13.5,15.3,,,,,,,,,,,,,,,,,
E12000002,North West,Females,2006,348,10.4,9.3,11.5,,,,,,,,,,,,,,,,,
E12000002,North West,Males,2006,608,19.0,17.5,20.5,,,,,,,,,,,,,,,,,
E12000002,North West,Persons,2006,956,14.6,13.6,15.5,,,,,,,,,,,,,,,,,
E12000002,North West,Females,2007,361,10.8,9.7,12.0,,,,,,,,,,,,,,,,,
E12000002,North West,Males,2007,687,21.5,19.9,23.1,,,,,,,,,,,,,,,,,
E12000002,North West,Persons,2007,1048,16.0,15.0,17.0,,,,,,,,,,,,,,,,,
E12000002,North West,Females,2008,379,11.3,10.2,12.5,,,,,,,,,,,,,,,,,
E12000002,North West,Males,2008,666,20.7,19.2,22.3,,,,,,,,,,,,,,,,,
E12000002,North West,Persons,2008,1045,15.9,14.9,16.9,,,,,,,,,,,,,,,,,
E12000002,North West,Females,2009,351,10.3,9.3,11.4,,,,,,,,,,,,,,,,,
E12000002,North West,Males,2009,671,20.5,18.9,22.0,,,,,,,,,,,,,,,,,
E12000002,North West,Persons,2009,1022,15.3,14.4,16.2,,,,,,,,,,,,,,,,,
E12000002,North West,Females,2010,354,10.4,9.3,11.5,,,,,,,,,,,,,,,,,
E12000002,North West,Males,2010,649,19.7,18.2,21.2,,,,,,,,,,,,,,,,,
E12000002,North West,Persons,2010,1003,14.9,14.0,15.9,,,,,,,,,,,,,,,,,
E12000002,North West,Females,2011,348,10.1,9.1,11.2,,,,,,,,,,,,,,,,,
E12000002,North West,Males,2011,703,21.1,19.6,22.7,,,,,,,,,,,,,,,,,
E12000002,North West,Persons,2011,1051,15.5,14.6,16.5,,,,,,,,,,,,,,,,,
E12000002,North West,Females,2012,385,11.1,10.0,12.3,,,,,,,,,,,,,,,,,
E12000002,North West,Males,2012,645,19.6,18.1,21.1,,,,,,,,,,,,,,,,,
E12000002,North West,Persons,2012,1030,15.2,14.3,16.2,,,,,,,,,,,,,,,,,
E12000002,North West,Females,2013,329,9.5,8.5,10.5,,,,,,,,,,,,,,,,,
E12000002,North West,Males,2013,656,19.7,18.2,21.2,,,,,,,,,,,,,,,,,
E12000002,North West,Persons,2013,985,14.5,13.6,15.4,,,,,,,,,,,,,,,,,
E12000002,North West,Females,2014,369,10.6,9.5,11.7,,,,,,,,,,,,,,,,,
E12000002,North West,Males,2014,685,20.5,19.0,22.1,,,,,,,,,,,,,,,,,
E12000002,North West,Persons,2014,1054,15.4,14.5,16.4,,,,,,,,,,,,,,,,,
E12000002,North West,Females,2015,355,10.1,9.1,11.2,,,,,,,,,,,,,,,,,
E12000002,North West,Males,2015,639,19.0,17.5,20.4,,,,,,,,,,,,,,,,,
E12000002,North West,Persons,2015,994,14.4,13.5,15.3,,,,,,,,,,,,,,,,,
E12000002,North West,Females,2016,368,10.4,9.3,11.5,,,,,,,,,,,,,,,,,
E12000002,North West,Males,2016,658,19.4,17.9,20.9,,,,,,,,,,,,,,,,,
E12000002,North West,Persons,2016,1026,14.8,13.9,15.7,,,,,,,,,,,,,,,,,
E12000002,North West,Females,2017,378,10.7,9.6,11.7,,,,,,,,,,,,,,,,,
E12000002,North West,Males,2017,674,19.8,18.3,21.4,,,,,,,,,,,,,,,,,
E12000002,North West,Persons,2017,1052,15.1,14.2,16.1,,,,,,,,,,,,,,,,,
E12000002,North West,Females,2018,354,9.9,8.9,11.0,,,,,,,,,,,,,,,,,
E12000002,North West,Males,2018,639,18.7,17.2,20.2,,,,,,,,,,,,,,,,,
E12000002,North West,Persons,2018,993,14.2,13.3,15.1,,,,,,,,,,,,,,,,,
E12000002,North West,Females,2019,350,9.8,8.7,10.8,,,,,,,,,,,,,,,,,
E12000002,North West,Males,2019,663,19.3,17.8,20.7,,,,,,,,,,,,,,,,,
E12000002,North West,Persons,2019,1013,14.4,13.5,15.3,,,,,,,,,,,,,,,,,
E12000002,North West,Females,2020,416,11.7,10.6,12.8,,,,,,,,,,,,,,,,,
E12000002,North West,Males,2020,795,23.0,21.4,24.6,,,,,,,,,,,,,,,,,
E12000002,North West,Persons,2020,1211,17.2,16.2,18.2,,,,,,,,,,,,,,,,,
E12000002,North West,Females,2021,501,13.8,12.6,15.0,,,,,,,,,,,,,,,,,
E12000002,North West,Males,2021,843,24.3,22.7,26.0,,,,,,,,,,,,,,,,,
E12000002,North West,Persons,2021,1344,18.9,17.9,19.9,,,,,,,,,,,,,,,,,
E12000003,Yorkshire and The Humber,Females,2001,119,5.0,4.1,5.9,,,,,,,,,,,,,,,,,
E12000003,Yorkshire and The Humber,Males,2001,260,11.5,10.1,12.9,,,,,,,,,,,,,,,,,
E12000003,Yorkshire and The Humber,Persons,2001,379,8.2,7.3,9.0,,,,,,,,,,,,,,,,,
E12000003,Yorkshire and The Humber,Females,2002,118,4.9,4.1,5.8,,,,,,,,,,,,,,,,,
E12000003,Yorkshire and The Humber,Males,2002,247,11.1,9.7,12.6,,,,,,,,,,,,,,,,,
E12000003,Yorkshire and The Humber,Persons,2002,365,7.9,7.1,8.7,,,,,,,,,,,,,,,,,
E12000003,Yorkshire and The Humber,Females,2003,139,5.8,4.8,6.8,,,,,,,,,,,,,,,,,
E12000003,Yorkshire and The Humber,Males,2003,316,13.9,12.3,15.4,,,,,,,,,,,,,,,,,
E12000003,Yorkshire and The Humber,Persons,2003,455,9.7,8.8,10.6,,,,,,,,,,,,,,,,,
E12000003,Yorkshire and The Humber,Females,2004,160,6.7,5.7,7.7,,,,,,,,,,,,,,,,,
E12000003,Yorkshire and The Humber,Males,2004,329,14.4,12.9,16.0,,,,,,,,,,,,,,,,,
E12000003,Yorkshire and The Humber,Persons,2004,489,10.5,9.5,11.4,,,,,,,,,,,,,,,,,
E12000003,Yorkshire and The Humber,Females,2005,131,5.4,4.5,6.3,,,,,,,,,,,,,,,,,
E12000003,Yorkshire and The Humber,Males,2005,369,16.0,14.4,17.7,,,,,,,,,,,,,,,,,
E12000003,Yorkshire and The Humber,Persons,2005,500,10.6,9.6,11.5,,,,,,,,,,,,,,,,,
E12000003,Yorkshire and The Humber,Females,2006,174,7.1,6.1,8.2,,,,,,,,,,,,,,,,,
E12000003,Yorkshire and The Humber,Males,2006,383,16.5,14.8,18.1,,,,,,,,,,,,,,,,,
E12000003,Yorkshire and The Humber,Persons,2006,557,11.6,10.6,12.6,,,,,,,,,,,,,,,,,
E12000003,Yorkshire and The Humber,Females,2007,182,7.4,6.3,8.5,,,,,,,,,,,,,,,,,
E12000003,Yorkshire and The Humber,Males,2007,350,14.7,13.2,16.3,,,,,,,,,,,,,,,,,
E12000003,Yorkshire and The Humber,Persons,2007,532,11.0,10.1,11.9,,,,,,,,,,,,,,,,,
E12000003,Yorkshire and The Humber,Females,2008,159,6.4,5.4,7.5,,,,,,,,,,,,,,,,,
E12000003,Yorkshire and The Humber,Males,2008,387,16.2,14.6,17.8,,,,,,,,,,,,,,,,,
E12000003,Yorkshire and The Humber,Persons,2008,546,11.2,10.3,12.1,,,,,,,,,,,,,,,,,
E12000003,Yorkshire and The Humber,Females,2009,176,7.0,6.0,8.0,,,,,,,,,,,,,,,,,
E12000003,Yorkshire and The Humber,Males,2009,365,15.2,13.6,16.7,,,,,,,,,,,,,,,,,
E12000003,Yorkshire and The Humber,Persons,2009,541,11.0,10.0,11.9,,,,,,,,,,,,,,,,,
E12000003,Yorkshire and The Humber,Females,2010,167,6.6,5.6,7.6,,,,,,,,,,,,,,,,,
E12000003,Yorkshire and The Humber,Males,2010,385,15.6,14.0,17.2,,,,,,,,,,,,,,,,,
E12000003,Yorkshire and The Humber,Persons,2010,552,11.0,10.1,11.9,,,,,,,,,,,,,,,,,
E12000003,Yorkshire and The Humber,Females,2011,218,8.6,7.5,9.7,,,,,,,,,,,,,,,,,
E12000003,Yorkshire and The Humber,Males,2011,397,16.2,14.6,17.8,,,,,,,,,,,,,,,,,
E12000003,Yorkshire and The Humber,Persons,2011,615,12.3,11.3,13.3,,,,,,,,,,,,,,,,,
E12000003,Yorkshire and The Humber,Females,2012,182,7.1,6.1,8.2,,,,,,,,,,,,,,,,,
E12000003,Yorkshire and The Humber,Males,2012,383,15.4,13.8,16.9,,,,,,,,,,,,,,,,,
E12000003,Yorkshire and The Humber,Persons,2012,565,11.2,10.2,12.1,,,,,,,,,,,,,,,,,
E12000003,Yorkshire and The Humber,Females,2013,215,8.4,7.2,9.5,,,,,,,,,,,,,,,,,
E12000003,Yorkshire and The Humber,Males,2013,390,15.6,14.1,17.2,,,,,,,,,,,,,,,,,
E12000003,Yorkshire and The Humber,Persons,2013,605,12.0,11.0,12.9,,,,,,,,,,,,,,,,,
E12000003,Yorkshire and The Humber,Females,2014,177,6.9,5.8,7.9,,,,,,,,,,,,,,,,,
E12000003,Yorkshire and The Humber,Males,2014,398,15.9,14.4,17.5,,,,,,,,,,,,,,,,,
E12000003,Yorkshire and The Humber,Persons,2014,575,11.3,10.4,12.2,,,,,,,,,,,,,,,,,
E12000003,Yorkshire and The Humber,Females,2015,212,8.2,7.1,9.3,,,,,,,,,,,,,,,,,
E12000003,Yorkshire and The Humber,Males,2015,370,14.9,13.4,16.4,,,,,,,,,,,,,,,,,
E12000003,Yorkshire and The Humber,Persons,2015,582,11.4,10.5,12.4,,,,,,,,,,,,,,,,,
E12000003,Yorkshire and The Humber,Females,2016,195,7.5,6.4,8.5,,,,,,,,,,,,,,,,,
E12000003,Yorkshire and The Humber,Males,2016,422,16.6,15.0,18.2,,,,,,,,,,,,,,,,,
E12000003,Yorkshire and The Humber,Persons,2016,617,11.9,11.0,12.9,,,,,,,,,,,,,,,,,
E12000003,Yorkshire and The Humber,Females,2017,234,8.9,7.8,10.1,,,,,,,,,,,,,,,,,
E12000003,Yorkshire and The Humber,Males,2017,475,18.7,17.0,20.4,,,,,,,,,,,,,,,,,
E12000003,Yorkshire and The Humber,Persons,2017,709,13.7,12.7,14.7,,,,,,,,,,,,,,,,,
E12000003,Yorkshire and the Humber,Females,2018,209,7.9,6.8,8.9,,,,,,,,,,,,,,,,,
E12000003,Yorkshire and the Humber,Males,2018,401,15.7,14.1,17.2,,,,,,,,,,,,,,,,,
E12000003,Yorkshire and the Humber,Persons,2018,610,11.7,10.8,12.6,,,,,,,,,,,,,,,,,
E12000003,Yorkshire and The Humber,Females,2019,245,9.2,8.1,10.4,,,,,,,,,,,,,,,,,
E12000003,Yorkshire and The Humber,Males,2019,485,18.8,17.2,20.5,,,,,,,,,,,,,,,,,
E12000003,Yorkshire and The Humber,Persons,2019,730,13.9,12.9,14.9,,,,,,,,,,,,,,,,,
E12000003,Yorkshire and The Humber,Females,2020,271,10.2,8.9,11.4,,,,,,,,,,,,,,,,,
E12000003,Yorkshire and The Humber,Males,2020,529,20.7,18.9,22.4,,,,,,,,,,,,,,,,,
E12000003,Yorkshire and The Humber,Persons,2020,800,15.3,14.2,16.3,,,,,,,,,,,,,,,,,
E12000003,Yorkshire and The Humber,Females,2021,314,11.7,10.4,13.0,,,,,,,,,,,,,,,,,
E12000003,Yorkshire and The Humber,Males,2021,563,21.9,20.1,23.7,,,,,,,,,,,,,,,,,
E12000003,Yorkshire and The Humber,Persons,2021,877,16.7,15.6,17.8,,,,,,,,,,,,,,,,,
E12000004,East Midlands,Females,2001,98,5.0,4.0,6.1,,,,,,,,,,,,,,,,,
E12000004,East Midlands,Males,2001,207,10.6,9.2,12.1,,,,,,,,,,,,,,,,,
E12000004,East Midlands,Persons,2001,305,7.7,6.9,8.6,,,,,,,,,,,,,,,,,
E12000004,East Midlands,Females,2002,118,5.8,4.8,6.9,,,,,,,,,,,,,,,,,
E12000004,East Midlands,Males,2002,214,11.2,9.7,12.7,,,,,,,,,,,,,,,,,
E12000004,East Midlands,Persons,2002,332,8.4,7.5,9.4,,,,,,,,,,,,,,,,,
E12000004,East Midlands,Females,2003,111,5.4,4.4,6.4,,,,,,,,,,,,,,,,,
E12000004,East Midlands,Males,2003,236,12.3,10.7,13.9,,,,,,,,,,,,,,,,,
E12000004,East Midlands,Persons,2003,347,8.6,7.7,9.6,,,,,,,,,,,,,,,,,
E12000004,East Midlands,Females,2004,150,7.3,6.1,8.5,,,,,,,,,,,,,,,,,
E12000004,East Midlands,Males,2004,211,10.9,9.4,12.4,,,,,,,,,,,,,,,,,
E12000004,East Midlands,Persons,2004,361,9.0,8.0,9.9,,,,,,,,,,,,,,,,,
E12000004,East Midlands,Females,2005,124,5.9,4.9,6.9,,,,,,,,,,,,,,,,,
E12000004,East Midlands,Males,2005,247,12.5,10.9,14.1,,,,,,,,,,,,,,,,,
E12000004,East Midlands,Persons,2005,371,9.1,8.1,10.0,,,,,,,,,,,,,,,,,
E12000004,East Midlands,Females,2006,136,6.3,5.3,7.4,,,,,,,,,,,,,,,,,
E12000004,East Midlands,Males,2006,258,12.6,11.0,14.1,,,,,,,,,,,,,,,,,
E12000004,East Midlands,Persons,2006,394,9.4,8.5,10.3,,,,,,,,,,,,,,,,,
E12000004,East Midlands,Females,2007,148,6.9,5.8,8.0,,,,,,,,,,,,,,,,,
E12000004,East Midlands,Males,2007,267,13.2,11.6,14.8,,,,,,,,,,,,,,,,,
E12000004,East Midlands,Persons,2007,415,9.9,8.9,10.8,,,,,,,,,,,,,,,,,
E12000004,East Midlands,Females,2008,145,6.8,5.7,7.9,,,,,,,,,,,,,,,,,
E12000004,East Midlands,Males,2008,318,15.3,13.6,17.0,,,,,,,,,,,,,,,,,
E12000004,East Midlands,Persons,2008,463,10.9,9.9,11.9,,,,,,,,,,,,,,,,,
E12000004,East Midlands,Females,2009,149,6.8,5.7,7.9,,,,,,,,,,,,,,,,,
E12000004,East Midlands,Males,2009,289,13.5,11.9,15.0,,,,,,,,,,,,,,,,,
E12000004,East Midlands,Persons,2009,438,10.1,9.1,11.0,,,,,,,,,,,,,,,,,
E12000004,East Midlands,Females,2010,143,6.4,5.4,7.5,,,,,,,,,,,,,,,,,
E12000004,East Midlands,Males,2010,332,15.5,13.8,17.2,,,,,,,,,,,,,,,,,
E12000004,East Midlands,Persons,2010,475,10.9,9.9,11.8,,,,,,,,,,,,,,,,,
E12000004,East Midlands,Females,2011,144,6.5,5.4,7.5,,,,,,,,,,,,,,,,,
E12000004,East Midlands,Males,2011,313,14.5,12.9,16.1,,,,,,,,,,,,,,,,,
E12000004,East Midlands,Persons,2011,457,10.4,9.5,11.4,,,,,,,,,,,,,,,,,
E12000004,East Midlands,Females,2012,140,6.2,5.1,7.2,,,,,,,,,,,,,,,,,
E12000004,East Midlands,Males,2012,289,13.2,11.7,14.7,,,,,,,,,,,,,,,,,
E12000004,East Midlands,Persons,2012,429,9.6,8.7,10.5,,,,,,,,,,,,,,,,,
E12000004,East Midlands,Females,2013,167,7.4,6.2,8.5,,,,,,,,,,,,,,,,,
E12000004,East Midlands,Males,2013,319,14.7,13.1,16.4,,,,,,,,,,,,,,,,,
E12000004,East Midlands,Persons,2013,486,11.0,10.0,11.9,,,,,,,,,,,,,,,,,
E12000004,East Midlands,Females,2014,162,7.1,6.0,8.2,,,,,,,,,,,,,,,,,
E12000004,East Midlands,Males,2014,308,13.9,12.3,15.5,,,,,,,,,,,,,,,,,
E12000004,East Midlands,Persons,2014,470,10.4,9.5,11.4,,,,,,,,,,,,,,,,,
E12000004,East Midlands,Females,2015,167,7.2,6.1,8.3,,,,,,,,,,,,,,,,,
E12000004,East Midlands,Males,2015,317,14.3,12.7,15.8,,,,,,,,,,,,,,,,,
E12000004,East Midlands,Persons,2015,484,10.6,9.7,11.6,,,,,,,,,,,,,,,,,
E12000004,East Midlands,Females,2016,147,6.3,5.2,7.3,,,,,,,,,,,,,,,,,
E12000004,East Midlands,Males,2016,314,13.9,12.3,15.4,,,,,,,,,,,,,,,,,
E12000004,East Midlands,Persons,2016,461,10.0,9.1,10.9,,,,,,,,,,,,,,,,,
E12000004,East Midlands,Females,2017,187,7.9,6.8,9.0,,,,,,,,,,,,,,,,,
E12000004,East Midlands,Males,2017,329,14.4,12.8,15.9,,,,,,,,,,,,,,,,,
E12000004,East Midlands,Persons,2017,516,11.1,10.1,12.0,,,,,,,,,,,,,,,,,
E12000004,East Midlands,Females,2018,187,7.9,6.8,9.0,,,,,,,,,,,,,,,,,
E12000004,East Midlands,Males,2018,368,16.0,14.4,17.7,,,,,,,,,,,,,,,,,
E12000004,East Midlands,Persons,2018,555,11.9,10.9,12.9,,,,,,,,,,,,,,,,,
E12000004,East Midlands,Females,2019,183,7.7,6.5,8.8,,,,,,,,,,,,,,,,,
E12000004,East Midlands,Males,2019,340,14.8,13.2,16.4,,,,,,,,,,,,,,,,,
E12000004,East Midlands,Persons,2019,523,11.1,10.2,12.1,,,,,,,,,,,,,,,,,
E12000004,East Midlands,Females,2020,222,9.2,8.0,10.4,,,,,,,,,,,,,,,,,
E12000004,East Midlands,Males,2020,390,16.7,15.1,18.4,,,,,,,,,,,,,,,,,
E12000004,East Midlands,Persons,2020,612,12.9,11.9,13.9,,,,,,,,,,,,,,,,,
E12000004,East Midlands,Females,2021,264,10.7,9.4,12.0,,,,,,,,,,,,,,,,,
E12000004,East Midlands,Males,2021,442,18.8,17.1,20.6,,,,,,,,,,,,,,,,,
E12000004,East Midlands,Persons,2021,706,14.7,13.6,15.8,,,,,,,,,,,,,,,,,
E12000005,West Midlands,Females,2001,171,6.9,5.8,7.9,,,,,,,,,,,,,,,,,
E12000005,West Midlands,Males,2001,340,14.2,12.7,15.7,,,,,,,,,,,,,,,,,
E12000005,West Midlands,Persons,2001,511,10.5,9.6,11.4,,,,,,,,,,,,,,,,,
E12000005,West Midlands,Females,2002,170,6.9,5.8,7.9,,,,,,,,,,,,,,,,,
E12000005,West Midlands,Males,2002,370,15.5,13.9,17.1,,,,,,,,,,,,,,,,,
E12000005,West Midlands,Persons,2002,540,11.1,10.1,12.0,,,,,,,,,,,,,,,,,
E12000005,West Midlands,Females,2003,165,6.6,5.6,7.6,,,,,,,,,,,,,,,,,
E12000005,West Midlands,Males,2003,435,17.9,16.2,19.5,,,,,,,,,,,,,,,,,
E12000005,West Midlands,Persons,2003,600,12.1,11.1,13.1,,,,,,,,,,,,,,,,,
E12000005,West Midlands,Females,2004,194,7.7,6.6,8.8,,,,,,,,,,,,,,,,,
E12000005,West Midlands,Males,2004,391,16.1,14.5,17.7,,,,,,,,,,,,,,,,,
E12000005,West Midlands,Persons,2004,585,11.8,10.9,12.8,,,,,,,,,,,,,,,,,
E12000005,West Midlands,Females,2005,201,8.0,6.9,9.1,,,,,,,,,,,,,,,,,
E12000005,West Midlands,Males,2005,425,17.6,15.9,19.3,,,,,,,,,,,,,,,,,
E12000005,West Midlands,Persons,2005,626,12.6,11.6,13.6,,,,,,,,,,,,,,,,,
E12000005,West Midlands,Females,2006,209,8.1,7.0,9.2,,,,,,,,,,,,,,,,,
E12000005,West Midlands,Males,2006,440,17.8,16.1,19.4,,,,,,,,,,,,,,,,,
E12000005,West Midlands,Persons,2006,649,12.8,11.8,13.8,,,,,,,,,,,,,,,,,
E12000005,West Midlands,Females,2007,222,8.6,7.4,9.7,,,,,,,,,,,,,,,,,
E12000005,West Midlands,Males,2007,433,17.5,15.9,19.2,,,,,,,,,,,,,,,,,
E12000005,West Midlands,Persons,2007,655,13.0,12.0,14.0,,,,,,,,,,,,,,,,,
E12000005,West Midlands,Females,2008,247,9.5,8.3,10.7,,,,,,,,,,,,,,,,,
E12000005,West Midlands,Males,2008,519,20.6,18.8,22.4,,,,,,,,,,,,,,,,,
E12000005,West Midlands,Persons,2008,766,15.0,13.9,16.0,,,,,,,,,,,,,,,,,
E12000005,West Midlands,Females,2009,204,7.8,6.7,8.9,,,,,,,,,,,,,,,,,
E12000005,West Midlands,Males,2009,445,17.7,16.0,19.3,,,,,,,,,,,,,,,,,
E12000005,West Midlands,Persons,2009,649,12.6,11.6,13.6,,,,,,,,,,,,,,,,,
E12000005,West Midlands,Females,2010,224,8.5,7.4,9.6,,,,,,,,,,,,,,,,,
E12000005,West Midlands,Males,2010,460,17.9,16.2,19.5,,,,,,,,,,,,,,,,,
E12000005,West Midlands,Persons,2010,684,13.1,12.1,14.1,,,,,,,,,,,,,,,,,
E12000005,West Midlands,Females,2011,248,9.3,8.2,10.5,,,,,,,,,,,,,,,,,
E12000005,West Midlands,Males,2011,487,18.8,17.1,20.5,,,,,,,,,,,,,,,,,
E12000005,West Midlands,Persons,2011,735,14.0,13.0,15.0,,,,,,,,,,,,,,,,,
E12000005,West Midlands,Females,2012,218,8.1,7.0,9.2,,,,,,,,,,,,,,,,,
E12000005,West Midlands,Males,2012,417,16.1,14.5,17.6,,,,,,,,,,,,,,,,,
E12000005,West Midlands,Persons,2012,635,12.0,11.1,12.9,,,,,,,,,,,,,,,,,
E12000005,West Midlands,Females,2013,215,8.0,6.9,9.0,,,,,,,,,,,,,,,,,
E12000005,West Midlands,Males,2013,447,17.1,15.5,18.7,,,,,,,,,,,,,,,,,
E12000005,West Midlands,Persons,2013,662,12.5,11.5,13.4,,,,,,,,,,,,,,,,,
E12000005,West Midlands,Females,2014,217,8.0,6.9,9.0,,,,,,,,,,,,,,,,,
E12000005,West Midlands,Males,2014,467,17.9,16.2,19.5,,,,,,,,,,,,,,,,,
E12000005,West Midlands,Persons,2014,684,12.8,11.8,13.7,,,,,,,,,,,,,,,,,
E12000005,West Midlands,Females,2015,228,8.3,7.2,9.4,,,,,,,,,,,,,,,,,
E12000005,West Midlands,Males,2015,474,17.9,16.3,19.6,,,,,,,,,,,,,,,,,
E12000005,West Midlands,Persons,2015,702,13.0,12.0,14.0,,,,,,,,,,,,,,,,,
E12000005,West Midlands,Females,2016,233,8.4,7.3,9.5,,,,,,,,,,,,,,,,,
E12000005,West Midlands,Males,2016,472,17.7,16.1,19.3,,,,,,,,,,,,,,,,,
E12000005,West Midlands,Persons,2016,705,12.9,12.0,13.9,,,,,,,,,,,,,,,,,
E12000005,West Midlands,Females,2017,263,9.5,8.3,10.6,,,,,,,,,,,,,,,,,
E12000005,West Midlands,Males,2017,476,17.7,16.1,19.3,,,,,,,,,,,,,,,,,
E12000005,West Midlands,Persons,2017,739,13.5,12.5,14.5,,,,,,,,,,,,,,,,,
E12000005,West Midlands,Females,2018,241,8.6,7.5,9.7,,,,,,,,,,,,,,,,,
E12000005,West Midlands,Males,2018,491,18.1,16.5,19.7,,,,,,,,,,,,,,,,,
E12000005,West Midlands,Persons,2018,732,13.3,12.3,14.2,,,,,,,,,,,,,,,,,
E12000005,West Midlands,Females,2019,215,7.6,6.6,8.7,,,,,,,,,,,,,,,,,
E12000005,West Midlands,Males,2019,456,16.8,15.2,18.3,,,,,,,,,,,,,,,,,
E12000005,West Midlands,Persons,2019,671,12.1,11.2,13.0,,,,,,,,,,,,,,,,,
E12000005,West Midlands,Females,2020,289,10.2,9.0,11.4,,,,,,,,,,,,,,,,,
E12000005,West Midlands,Males,2020,606,22.3,20.5,24.1,,,,,,,,,,,,,,,,,
E12000005,West Midlands,Persons,2020,895,16.1,15.0,17.2,,,,,,,,,,,,,,,,,
E12000005,West Midlands,Females,2021,301,10.5,9.3,11.7,,,,,,,,,,,,,,,,,
E12000005,West Midlands,Males,2021,596,21.6,19.8,23.3,,,,,,,,,,,,,,,,,
E12000005,West Midlands,Persons,2021,897,15.9,14.9,16.9,,,,,,,,,,,,,,,,,
E12000006,East,Females,2001,109,4.2,3.4,5.0,,,,,,,,,,,,,,,,,
E12000006,East,Males,2001,212,8.7,7.5,9.9,,,,,,,,,,,,,,,,,
E12000006,East,Persons,2001,321,6.3,5.6,7.0,,,,,,,,,,,,,,,,,
E12000006,East,Females,2002,115,4.4,3.6,5.2,,,,,,,,,,,,,,,,,
E12000006,East,Males,2002,222,9.0,7.8,10.2,,,,,,,,,,,,,,,,,
E12000006,East,Persons,2002,337,6.6,5.9,7.3,,,,,,,,,,,,,,,,,
E12000006,East,Females,2003,106,4.0,3.2,4.8,,,,,,,,,,,,,,,,,
E12000006,East,Males,2003,224,8.9,7.8,10.1,,,,,,,,,,,,,,,,,
E12000006,East,Persons,2003,330,6.4,5.7,7.1,,,,,,,,,,,,,,,,,
E12000006,East,Females,2004,126,4.7,3.9,5.5,,,,,,,,,,,,,,,,,
E12000006,East,Males,2004,219,8.7,7.5,9.9,,,,,,,,,,,,,,,,,
E12000006,East,Persons,2004,345,6.6,5.9,7.3,,,,,,,,,,,,,,,,,
E12000006,East,Females,2005,130,4.8,4.0,5.6,,,,,,,,,,,,,,,,,
E12000006,East,Males,2005,229,9.1,7.9,10.3,,,,,,,,,,,,,,,,,
E12000006,East,Persons,2005,359,6.8,6.1,7.6,,,,,,,,,,,,,,,,,
E12000006,East,Females,2006,153,5.6,4.7,6.5,,,,,,,,,,,,,,,,,
E12000006,East,Males,2006,257,9.9,8.7,11.2,,,,,,,,,,,,,,,,,
E12000006,East,Persons,2006,410,7.7,7.0,8.5,,,,,,,,,,,,,,,,,
E12000006,East,Females,2007,136,4.9,4.1,5.7,,,,,,,,,,,,,,,,,
E12000006,East,Males,2007,285,10.9,9.7,12.2,,,,,,,,,,,,,,,,,
E12000006,East,Persons,2007,421,7.8,7.0,8.5,,,,,,,,,,,,,,,,,
E12000006,East,Females,2008,124,4.5,3.7,5.3,,,,,,,,,,,,,,,,,
E12000006,East,Males,2008,304,11.4,10.1,12.7,,,,,,,,,,,,,,,,,
E12000006,East,Persons,2008,428,7.8,7.1,8.6,,,,,,,,,,,,,,,,,
E12000006,East,Females,2009,123,4.4,3.6,5.2,,,,,,,,,,,,,,,,,
E12000006,East,Males,2009,275,10.2,9.0,11.4,,,,,,,,,,,,,,,,,
E12000006,East,Persons,2009,398,7.2,6.5,7.9,,,,,,,,,,,,,,,,,
E12000006,East,Females,2010,141,5.0,4.1,5.8,,,,,,,,,,,,,,,,,
E12000006,East,Males,2010,288,10.6,9.4,11.8,,,,,,,,,,,,,,,,,
E12000006,East,Persons,2010,429,7.7,7.0,8.4,,,,,,,,,,,,,,,,,
E12000006,East,Females,2011,145,5.0,4.2,5.8,,,,,,,,,,,,,,,,,
E12000006,East,Males,2011,303,11.1,9.8,12.4,,,,,,,,,,,,,,,,,
E12000006,East,Persons,2011,448,8.0,7.2,8.7,,,,,,,,,,,,,,,,,
E12000006,East,Females,2012,141,4.8,4.0,5.6,,,,,,,,,,,,,,,,,
E12000006,East,Males,2012,253,9.1,8.0,10.2,,,,,,,,,,,,,,,,,
E12000006,East,Persons,2012,394,6.9,6.2,7.6,,,,,,,,,,,,,,,,,
E12000006,East,Females,2013,121,4.1,3.4,4.8,,,,,,,,,,,,,,,,,
E12000006,East,Males,2013,257,9.1,8.0,10.2,,,,,,,,,,,,,,,,,
E12000006,East,Persons,2013,378,6.5,5.9,7.2,,,,,,,,,,,,,,,,,
E12000006,East,Females,2014,143,4.8,4.0,5.5,,,,,,,,,,,,,,,,,
E12000006,East,Males,2014,281,9.9,8.7,11.0,,,,,,,,,,,,,,,,,
E12000006,East,Persons,2014,424,7.2,6.6,7.9,,,,,,,,,,,,,,,,,
E12000006,East,Females,2015,134,4.5,3.7,5.2,,,,,,,,,,,,,,,,,
E12000006,East,Males,2015,267,9.3,8.2,10.4,,,,,,,,,,,,,,,,,
E12000006,East,Persons,2015,401,6.8,6.1,7.5,,,,,,,,,,,,,,,,,
E12000006,East,Females,2016,163,5.3,4.5,6.1,,,,,,,,,,,,,,,,,
E12000006,East,Males,2016,287,9.9,8.7,11.0,,,,,,,,,,,,,,,,,
E12000006,East,Persons,2016,450,7.5,6.8,8.2,,,,,,,,,,,,,,,,,
E12000006,East,Females,2017,154,5.0,4.2,5.8,,,,,,,,,,,,,,,,,
E12000006,East,Males,2017,338,11.6,10.3,12.8,,,,,,,,,,,,,,,,,
E12000006,East,Persons,2017,492,8.2,7.5,8.9,,,,,,,,,,,,,,,,,
E12000006,East,Females,2018,130,4.2,3.5,4.9,,,,,,,,,,,,,,,,,
E12000006,East,Males,2018,331,11.2,10.0,12.4,,,,,,,,,,,,,,,,,
E12000006,East,Persons,2018,461,7.6,6.9,8.3,,,,,,,,,,,,,,,,,
E12000006,East,Females,2019,173,5.5,4.7,6.4,,,,,,,,,,,,,,,,,
E12000006,East,Males,2019,370,12.5,11.2,13.8,,,,,,,,,,,,,,,,,
E12000006,East,Persons,2019,543,8.9,8.2,9.7,,,,,,,,,,,,,,,,,
E12000006,East,Females,2020,219,7.0,6.0,7.9,,,,,,,,,,,,,,,,,
E12000006,East,Males,2020,351,11.7,10.5,12.9,,,,,,,,,,,,,,,,,
E12000006,East,Persons,2020,570,9.2,8.5,10.0,,,,,,,,,,,,,,,,,
E12000006,East,Females,2021,220,7.0,6.0,7.9,,,,,,,,,,,,,,,,,
E12000006,East,Males,2021,421,13.9,12.6,15.3,,,,,,,,,,,,,,,,,
E12000006,East,Persons,2021,641,10.4,9.5,11.2,,,,,,,,,,,,,,,,,
E12000007,London,Females,2001,135,4.7,3.9,5.5,,,,,,,,,,,,,,,,,
E12000007,London,Males,2001,385,14.3,12.9,15.8,,,,,,,,,,,,,,,,,
E12000007,London,Persons,2001,520,9.2,8.4,10.1,,,,,,,,,,,,,,,,,
E12000007,London,Females,2002,147,4.9,4.1,5.7,,,,,,,,,,,,,,,,,
E12000007,London,Males,2002,365,13.3,11.8,14.7,,,,,,,,,,,,,,,,,
E12000007,London,Persons,2002,512,8.9,8.1,9.6,,,,,,,,,,,,,,,,,
E12000007,London,Females,2003,157,5.5,4.6,6.3,,,,,,,,,,,,,,,,,
E12000007,London,Males,2003,373,13.9,12.4,15.3,,,,,,,,,,,,,,,,,
E12000007,London,Persons,2003,530,9.5,8.7,10.4,,,,,,,,,,,,,,,,,
E12000007,London,Females,2004,128,4.3,3.5,5.1,,,,,,,,,,,,,,,,,
E12000007,London,Males,2004,361,12.8,11.4,14.2,,,,,,,,,,,,,,,,,
E12000007,London,Persons,2004,489,8.4,7.6,9.1,,,,,,,,,,,,,,,,,
E12000007,London,Females,2005,139,4.7,3.9,5.5,,,,,,,,,,,,,,,,,
E12000007,London,Males,2005,352,12.9,11.5,14.3,,,,,,,,,,,,,,,,,
E12000007,London,Persons,2005,491,8.6,7.9,9.4,,,,,,,,,,,,,,,,,
E12000007,London,Females,2006,123,4.1,3.3,4.8,,,,,,,,,,,,,,,,,
E12000007,London,Males,2006,417,14.6,13.1,16.0,,,,,,,,,,,,,,,,,
E12000007,London,Persons,2006,540,9.1,8.3,9.9,,,,,,,,,,,,,,,,,
E12000007,London,Females,2007,135,4.3,3.5,5.0,,,,,,,,,,,,,,,,,
E12000007,London,Males,2007,330,11.7,10.4,13.0,,,,,,,,,,,,,,,,,
E12000007,London,Persons,2007,465,7.8,7.0,8.5,,,,,,,,,,,,,,,,,
E12000007,London,Females,2008,144,4.6,3.8,5.4,,,,,,,,,,,,,,,,,
E12000007,London,Males,2008,379,12.9,11.5,14.2,,,,,,,,,,,,,,,,,
E12000007,London,Persons,2008,523,8.6,7.8,9.4,,,,,,,,,,,,,,,,,
E12000007,London,Females,2009,142,4.3,3.6,5.1,,,,,,,,,,,,,,,,,
E12000007,London,Males,2009,347,11.5,10.2,12.8,,,,,,,,,,,,,,,,,
E12000007,London,Persons,2009,489,7.8,7.1,8.5,,,,,,,,,,,,,,,,,
E12000007,London,Females,2010,158,4.9,4.1,5.6,,,,,,,,,,,,,,,,,
E12000007,London,Males,2010,389,12.8,11.4,14.1,,,,,,,,,,,,,,,,,
E12000007,London,Persons,2010,547,8.7,7.9,9.4,,,,,,,,,,,,,,,,,
E12000007,London,Females,2011,133,3.9,3.2,4.6,,,,,,,,,,,,,,,,,
E12000007,London,Males,2011,345,11.3,10.0,12.5,,,,,,,,,,,,,,,,,
E12000007,London,Persons,2011,478,7.4,6.7,8.1,,,,,,,,,,,,,,,,,
E12000007,London,Females,2012,144,4.3,3.6,5.1,,,,,,,,,,,,,,,,,
E12000007,London,Males,2012,369,12.1,10.8,13.4,,,,,,,,,,,,,,,,,
E12000007,London,Persons,2012,513,8.1,7.4,8.8,,,,,,,,,,,,,,,,,
E12000007,London,Females,2013,143,4.2,3.5,4.9,,,,,,,,,,,,,,,,,
E12000007,London,Males,2013,344,10.9,9.7,12.1,,,,,,,,,,,,,,,,,
E12000007,London,Persons,2013,487,7.4,6.8,8.1,,,,,,,,,,,,,,,,,
E12000007,London,Females,2014,157,4.5,3.8,5.3,,,,,,,,,,,,,,,,,
E12000007,London,Males,2014,389,12.2,10.9,13.5,,,,,,,,,,,,,,,,,
E12000007,London,Persons,2014,546,8.2,7.5,8.9,,,,,,,,,,,,,,,,,
E12000007,London,Females,2015,137,3.8,3.1,4.4,,,,,,,,,,,,,,,,,
E12000007,London,Males,2015,385,11.8,10.6,13.1,,,,,,,,,,,,,,,,,
E12000007,London,Persons,2015,522,7.6,6.9,8.3,,,,,,,,,,,,,,,,,
E12000007,London,Females,2016,168,4.6,3.9,5.3,,,,,,,,,,,,,,,,,
E12000007,London,Males,2016,410,12.1,10.9,13.3,,,,,,,,,,,,,,,,,
E12000007,London,Persons,2016,578,8.2,7.5,8.9,,,,,,,,,,,,,,,,,
E12000007,London,Females,2017,169,4.6,3.9,5.3,,,,,,,,,,,,,,,,,
E12000007,London,Males,2017,382,11.3,10.1,12.5,,,,,,,,,,,,,,,,,
E12000007,London,Persons,2017,551,7.8,7.1,8.5,,,,,,,,,,,,,,,,,
E12000007,London,Females,2018,142,3.8,3.2,4.5,,,,,,,,,,,,,,,,,
E12000007,London,Males,2018,419,12.2,11.0,13.4,,,,,,,,,,,,,,,,,
E12000007,London,Persons,2018,561,7.8,7.2,8.5,,,,,,,,,,,,,,,,,
E12000007,London,Females,2019,172,4.5,3.8,5.2,,,,,,,,,,,,,,,,,
E12000007,London,Males,2019,407,11.6,10.4,12.8,,,,,,,,,,,,,,,,,
E12000007,London,Persons,2019,579,7.9,7.3,8.6,,,,,,,,,,,,,,,,,
E12000007,London,Females,2020,194,5.0,4.3,5.8,,,,,,,,,,,,,,,,,
E12000007,London,Males,2020,543,15.1,13.8,16.4,,,,,,,,,,,,,,,,,
E12000007,London,Persons,2020,737,9.9,9.2,10.7,,,,,,,,,,,,,,,,,
E12000007,London,Females,2021,225,5.8,5.0,6.6,,,,,,,,,,,,,,,,,
E12000007,London,Males,2021,568,14.8,13.6,16.1,,,,,,,,,,,,,,,,,
E12000007,London,Persons,2021,793,10.2,9.5,11.0,,,,,,,,,,,,,,,,,
E12000008,South East,Females,2001,172,4.5,3.8,5.2,,,,,,,,,,,,,,,,,
E12000008,South East,Males,2001,379,10.6,9.5,11.7,,,,,,,,,,,,,,,,,
E12000008,South East,Persons,2001,551,7.5,6.8,8.1,,,,,,,,,,,,,,,,,
E12000008,South East,Females,2002,191,5.0,4.3,5.7,,,,,,,,,,,,,,,,,
E12000008,South East,Males,2002,399,11.3,10.1,12.4,,,,,,,,,,,,,,,,,
E12000008,South East,Persons,2002,590,7.9,7.3,8.6,,,,,,,,,,,,,,,,,
E12000008,South East,Females,2003,187,4.8,4.1,5.5,,,,,,,,,,,,,,,,,
E12000008,South East,Males,2003,427,11.6,10.5,12.7,,,,,,,,,,,,,,,,,
E12000008,South East,Persons,2003,614,8.2,7.5,8.8,,,,,,,,,,,,,,,,,
E12000008,South East,Females,2004,187,4.8,4.1,5.5,,,,,,,,,,,,,,,,,
E12000008,South East,Males,2004,398,11.0,9.9,12.0,,,,,,,,,,,,,,,,,
E12000008,South East,Persons,2004,585,7.8,7.2,8.4,,,,,,,,,,,,,,,,,
E12000008,South East,Females,2005,213,5.4,4.7,6.1,,,,,,,,,,,,,,,,,
E12000008,South East,Males,2005,438,11.8,10.7,12.9,,,,,,,,,,,,,,,,,
E12000008,South East,Persons,2005,651,8.5,7.8,9.1,,,,,,,,,,,,,,,,,
E12000008,South East,Females,2006,217,5.4,4.7,6.2,,,,,,,,,,,,,,,,,
E12000008,South East,Males,2006,438,11.8,10.7,12.9,,,,,,,,,,,,,,,,,
E12000008,South East,Persons,2006,655,8.5,7.8,9.1,,,,,,,,,,,,,,,,,
E12000008,South East,Females,2007,215,5.3,4.6,6.0,,,,,,,,,,,,,,,,,
E12000008,South East,Males,2007,453,12.0,10.9,13.1,,,,,,,,,,,,,,,,,
E12000008,South East,Persons,2007,668,8.5,7.9,9.1,,,,,,,,,,,,,,,,,
E12000008,South East,Females,2008,202,5.0,4.3,5.7,,,,,,,,,,,,,,,,,
E12000008,South East,Males,2008,443,11.6,10.5,12.7,,,,,,,,,,,,,,,,,
E12000008,South East,Persons,2008,645,8.2,7.6,8.8,,,,,,,,,,,,,,,,,
E12000008,South East,Females,2009,237,5.7,5.0,6.4,,,,,,,,,,,,,,,,,
E12000008,South East,Males,2009,468,11.8,10.8,12.9,,,,,,,,,,,,,,,,,
E12000008,South East,Persons,2009,705,8.7,8.0,9.3,,,,,,,,,,,,,,,,,
E12000008,South East,Females,2010,209,4.9,4.3,5.6,,,,,,,,,,,,,,,,,
E12000008,South East,Males,2010,458,11.6,10.5,12.7,,,,,,,,,,,,,,,,,
E12000008,South East,Persons,2010,667,8.2,7.5,8.8,,,,,,,,,,,,,,,,,
E12000008,South East,Females,2011,239,5.7,4.9,6.4,,,,,,,,,,,,,,,,,
E12000008,South East,Males,2011,504,12.6,11.4,13.7,,,,,,,,,,,,,,,,,
E12000008,South East,Persons,2011,743,9.0,8.3,9.6,,,,,,,,,,,,,,,,,
E12000008,South East,Females,2012,228,5.3,4.6,6.0,,,,,,,,,,,,,,,,,
E12000008,South East,Males,2012,447,11.1,10.0,12.1,,,,,,,,,,,,,,,,,
E12000008,South East,Persons,2012,675,8.1,7.5,8.7,,,,,,,,,,,,,,,,,
E12000008,South East,Females,2013,228,5.3,4.6,6.0,,,,,,,,,,,,,,,,,
E12000008,South East,Males,2013,509,12.3,11.3,13.4,,,,,,,,,,,,,,,,,
E12000008,South East,Persons,2013,737,8.7,8.1,9.4,,,,,,,,,,,,,,,,,
E12000008,South East,Females,2014,241,5.5,4.8,6.2,,,,,,,,,,,,,,,,,
E12000008,South East,Males,2014,468,11.3,10.3,12.3,,,,,,,,,,,,,,,,,
E12000008,South East,Persons,2014,709,8.3,7.7,8.9,,,,,,,,,,,,,,,,,
E12000008,South East,Females,2015,235,5.3,4.7,6.0,,,,,,,,,,,,,,,,,
E12000008,South East,Males,2015,444,10.5,9.5,11.5,,,,,,,,,,,,,,,,,
E12000008,South East,Persons,2015,679,7.8,7.3,8.4,,,,,,,,,,,,,,,,,
E12000008,South East,Females,2016,245,5.5,4.8,6.1,,,,,,,,,,,,,,,,,
E12000008,South East,Males,2016,507,11.9,10.9,13.0,,,,,,,,,,,,,,,,,
E12000008,South East,Persons,2016,752,8.6,8.0,9.2,,,,,,,,,,,,,,,,,
E12000008,South East,Females,2017,282,6.2,5.5,7.0,,,,,,,,,,,,,,,,,
E12000008,South East,Males,2017,557,13.1,12.0,14.1,,,,,,,,,,,,,,,,,
E12000008,South East,Persons,2017,839,9.5,8.9,10.2,,,,,,,,,,,,,,,,,
E12000008,South East,Females,2018,248,5.4,4.8,6.1,,,,,,,,,,,,,,,,,
E12000008,South East,Males,2018,521,12.1,11.0,13.1,,,,,,,,,,,,,,,,,
E12000008,South East,Persons,2018,769,8.7,8.0,9.3,,,,,,,,,,,,,,,,,
E12000008,South East,Females,2019,261,5.6,5.0,6.3,,,,,,,,,,,,,,,,,
E12000008,South East,Males,2019,567,12.9,11.9,14.0,,,,,,,,,,,,,,,,,
E12000008,South East,Persons,2019,828,9.2,8.6,9.8,,,,,,,,,,,,,,,,,
E12000008,South East,Females,2020,347,7.5,6.7,8.3,,,,,,,,,,,,,,,,,
E12000008,South East,Males,2020,639,14.6,13.5,15.7,,,,,,,,,,,,,,,,,
E12000008,South East,Persons,2020,986,10.9,10.2,11.6,,,,,,,,,,,,,,,,,
E12000008,South East,Females,2021,357,7.6,6.8,8.4,,,,,,,,,,,,,,,,,
E12000008,South East,Males,2021,707,15.9,14.7,17.1,,,,,,,,,,,,,,,,,
E12000008,South East,Persons,2021,1064,11.6,10.9,12.3,,,,,,,,,,,,,,,,,
E12000009,South West,Females,2001,127,5.1,4.2,6.0,,,,,,,,,,,,,,,,,
E12000009,South West,Males,2001,233,10.2,8.8,11.5,,,,,,,,,,,,,,,,,
E12000009,South West,Persons,2001,360,7.5,6.8,8.3,,,,,,,,,,,,,,,,,
E12000009,South West,Females,2002,119,4.8,4.0,5.7,,,,,,,,,,,,,,,,,
E12000009,South West,Males,2002,258,11.1,9.8,12.5,,,,,,,,,,,,,,,,,
E12000009,South West,Persons,2002,377,7.9,7.1,8.7,,,,,,,,,,,,,,,,,
E12000009,South West,Females,2003,119,4.7,3.8,5.5,,,,,,,,,,,,,,,,,
E12000009,South West,Males,2003,267,11.4,10.0,12.7,,,,,,,,,,,,,,,,,
E12000009,South West,Persons,2003,386,7.9,7.1,8.7,,,,,,,,,,,,,,,,,
E12000009,South West,Females,2004,122,4.8,3.9,5.6,,,,,,,,,,,,,,,,,
E12000009,South West,Males,2004,283,12.0,10.6,13.4,,,,,,,,,,,,,,,,,
E12000009,South West,Persons,2004,405,8.2,7.4,9.0,,,,,,,,,,,,,,,,,
E12000009,South West,Females,2005,125,4.9,4.0,5.7,,,,,,,,,,,,,,,,,
E12000009,South West,Males,2005,341,14.3,12.8,15.8,,,,,,,,,,,,,,,,,
E12000009,South West,Persons,2005,466,9.4,8.6,10.3,,,,,,,,,,,,,,,,,
E12000009,South West,Females,2006,155,6.0,5.1,7.0,,,,,,,,,,,,,,,,,
E12000009,South West,Males,2006,303,12.6,11.2,14.0,,,,,,,,,,,,,,,,,
E12000009,South West,Persons,2006,458,9.2,8.3,10.0,,,,,,,,,,,,,,,,,
E12000009,South West,Females,2007,156,6.0,5.0,6.9,,,,,,,,,,,,,,,,,
E12000009,South West,Males,2007,324,13.1,11.7,14.6,,,,,,,,,,,,,,,,,
E12000009,South West,Persons,2007,480,9.4,8.6,10.3,,,,,,,,,,,,,,,,,
E12000009,South West,Females,2008,171,6.5,5.5,7.4,,,,,,,,,,,,,,,,,
E12000009,South West,Males,2008,358,14.3,12.9,15.8,,,,,,,,,,,,,,,,,
E12000009,South West,Persons,2008,529,10.3,9.4,11.2,,,,,,,,,,,,,,,,,
E12000009,South West,Females,2009,161,6.1,5.2,7.1,,,,,,,,,,,,,,,,,
E12000009,South West,Males,2009,325,12.9,11.5,14.3,,,,,,,,,,,,,,,,,
E12000009,South West,Persons,2009,486,9.4,8.6,10.2,,,,,,,,,,,,,,,,,
E12000009,South West,Females,2010,148,5.5,4.7,6.4,,,,,,,,,,,,,,,,,
E12000009,South West,Males,2010,345,13.6,12.2,15.0,,,,,,,,,,,,,,,,,
E12000009,South West,Persons,2010,493,9.5,8.6,10.3,,,,,,,,,,,,,,,,,
E12000009,South West,Females,2011,169,6.3,5.4,7.3,,,,,,,,,,,,,,,,,
E12000009,South West,Males,2011,361,14.1,12.7,15.6,,,,,,,,,,,,,,,,,
E12000009,South West,Persons,2011,530,10.1,9.2,10.9,,,,,,,,,,,,,,,,,
E12000009,South West,Females,2012,147,5.4,4.5,6.3,,,,,,,,,,,,,,,,,
E12000009,South West,Males,2012,343,13.3,11.9,14.7,,,,,,,,,,,,,,,,,
E12000009,South West,Persons,2012,490,9.2,8.4,10.0,,,,,,,,,,,,,,,,,
E12000009,South West,Females,2013,158,5.7,4.8,6.6,,,,,,,,,,,,,,,,,
E12000009,South West,Males,2013,325,12.5,11.2,13.9,,,,,,,,,,,,,,,,,
E12000009,South West,Persons,2013,483,9.0,8.2,9.8,,,,,,,,,,,,,,,,,
E12000009,South West,Females,2014,168,5.9,5.0,6.8,,,,,,,,,,,,,,,,,
E12000009,South West,Males,2014,326,12.3,11.0,13.6,,,,,,,,,,,,,,,,,
E12000009,South West,Persons,2014,494,9.1,8.3,9.9,,,,,,,,,,,,,,,,,
E12000009,South West,Females,2015,169,6.1,5.1,7.0,,,,,,,,,,,,,,,,,
E12000009,South West,Males,2015,350,13.1,11.7,14.5,,,,,,,,,,,,,,,,,
E12000009,South West,Persons,2015,519,9.5,8.7,10.3,,,,,,,,,,,,,,,,,
E12000009,South West,Females,2016,161,5.7,4.8,6.6,,,,,,,,,,,,,,,,,
E12000009,South West,Males,2016,342,12.7,11.4,14.1,,,,,,,,,,,,,,,,,
E12000009,South West,Persons,2016,503,9.1,8.3,9.9,,,,,,,,,,,,,,,,,
E12000009,South West,Females,2017,177,6.2,5.3,7.1,,,,,,,,,,,,,,,,,
E12000009,South West,Males,2017,369,13.6,12.2,15.0,,,,,,,,,,,,,,,,,
E12000009,South West,Persons,2017,546,9.8,9.0,10.6,,,,,,,,,,,,,,,,,
E12000009,South West,Females,2018,214,7.4,6.4,8.5,,,,,,,,,,,,,,,,,
E12000009,South West,Males,2018,392,14.2,12.8,15.6,,,,,,,,,,,,,,,,,
E12000009,South West,Persons,2018,606,10.7,9.9,11.6,,,,,,,,,,,,,,,,,
E12000009,South West,Females,2019,166,5.8,4.9,6.7,,,,,,,,,,,,,,,,,
E12000009,South West,Males,2019,330,11.9,10.6,13.2,,,,,,,,,,,,,,,,,
E12000009,South West,Persons,2019,496,8.7,7.9,9.5,,,,,,,,,,,,,,,,,
E12000009,South West,Females,2020,235,8.0,7.0,9.0,,,,,,,,,,,,,,,,,
E12000009,South West,Males,2020,416,15.2,13.7,16.7,,,,,,,,,,,,,,,,,
E12000009,South West,Persons,2020,651,11.5,10.6,12.4,,,,,,,,,,,,,,,,,
E12000009,South West,Females,2021,239,8.0,7.0,9.0,,,,,,,,,,,,,,,,,
E12000009,South West,Males,2021,456,16.3,14.8,17.8,,,,,,,,,,,,,,,,,
E12000009,South West,Persons,2021,695,12.0,11.1,12.9,,,,,,,,,,,,,,,,,
E92000001,England,Females,2001,1305,5.6,5.3,5.9,,,,,,,,,,,,,,,,,
E92000001,England,Males,2001,2698,12.3,11.9,12.8,,,,,,,,,,,,,,,,,
E92000001,England,Persons,2001,4003,8.9,8.6,9.1,,,,,,,,,,,,,,,,,
E92000001,England,Females,2002,1331,5.7,5.4,6.0,,,,,,,,,,,,,,,,,
E92000001,England,Males,2002,2784,12.7,12.2,13.2,,,,,,,,,,,,,,,,,
E92000001,England,Persons,2002,4115,9.1,8.8,9.3,,,,,,,,,,,,,,,,,
E92000001,England,Females,2003,1374,5.8,5.5,6.1,,,,,,,,,,,,,,,,,
E92000001,England,Males,2003,3050,13.7,13.2,14.1,,,,,,,,,,,,,,,,,
E92000001,England,Persons,2003,4424,9.6,9.4,9.9,,,,,,,,,,,,,,,,,
E92000001,England,Females,2004,1508,6.4,6.0,6.7,,,,,,,,,,,,,,,,,
E92000001,England,Males,2004,3008,13.4,13.0,13.9,,,,,,,,,,,,,,,,,
E92000001,England,Persons,2004,4516,9.8,9.5,10.1,,,,,,,,,,,,,,,,,
E92000001,England,Females,2005,1493,6.2,5.9,6.5,,,,,,,,,,,,,,,,,
E92000001,England,Males,2005,3224,14.3,13.8,14.8,,,,,,,,,,,,,,,,,
E92000001,England,Persons,2005,4717,10.1,9.8,10.4,,,,,,,,,,,,,,,,,
E92000001,England,Females,2006,1620,6.7,6.4,7.0,,,,,,,,,,,,,,,,,
E92000001,England,Males,2006,3341,14.6,14.1,15.1,,,,,,,,,,,,,,,,,
E92000001,England,Persons,2006,4961,10.5,10.2,10.8,,,,,,,,,,,,,,,,,
E92000001,England,Females,2007,1688,6.9,6.6,7.2,,,,,,,,,,,,,,,,,
E92000001,England,Males,2007,3365,14.5,14.0,15.0,,,,,,,,,,,,,,,,,
E92000001,England,Persons,2007,5053,10.6,10.3,10.9,,,,,,,,,,,,,,,,,
E92000001,England,Females,2008,1712,7.0,6.6,7.3,,,,,,,,,,,,,,,,,
E92000001,England,Males,2008,3633,15.5,15.0,16.0,,,,,,,,,,,,,,,,,
E92000001,England,Persons,2008,5345,11.1,10.8,11.4,,,,,,,,,,,,,,,,,
E92000001,England,Females,2009,1665,6.7,6.3,7.0,,,,,,,,,,,,,,,,,
E92000001,England,Males,2009,3418,14.3,13.8,14.8,,,,,,,,,,,,,,,,,
E92000001,England,Persons,2009,5083,10.4,10.1,10.7,,,,,,,,,,,,,,,,,
E92000001,England,Females,2010,1661,6.6,6.3,6.9,,,,,,,,,,,,,,,,,
E92000001,England,Males,2010,3562,14.8,14.3,15.3,,,,,,,,,,,,,,,,,
E92000001,England,Persons,2010,5223,10.6,10.3,10.9,,,,,,,,,,,,,,,,,
E92000001,England,Females,2011,1770,7.0,6.6,7.3,,,,,,,,,,,,,,,,,
E92000001,England,Males,2011,3666,15.1,14.6,15.6,,,,,,,,,,,,,,,,,
E92000001,England,Persons,2011,5436,10.9,10.6,11.2,,,,,,,,,,,,,,,,,
E92000001,England,Females,2012,1699,6.6,6.3,6.9,,,,,,,,,,,,,,,,,
E92000001,England,Males,2012,3344,13.7,13.2,14.1,,,,,,,,,,,,,,,,,
E92000001,England,Persons,2012,5043,10.0,9.8,10.3,,,,,,,,,,,,,,,,,
E92000001,England,Females,2013,1699,6.6,6.3,6.9,,,,,,,,,,,,,,,,,
E92000001,England,Males,2013,3485,14.1,13.6,14.6,,,,,,,,,,,,,,,,,
E92000001,England,Persons,2013,5184,10.2,9.9,10.5,,,,,,,,,,,,,,,,,
E92000001,England,Females,2014,1803,6.9,6.6,7.2,,,,,,,,,,,,,,,,,
E92000001,England,Males,2014,3583,14.4,13.9,14.8,,,,,,,,,,,,,,,,,
E92000001,England,Persons,2014,5386,10.5,10.2,10.8,,,,,,,,,,,,,,,,,
E92000001,England,Females,2015,1796,6.8,6.5,7.1,,,,,,,,,,,,,,,,,
E92000001,England,Males,2015,3510,13.9,13.5,14.4,,,,,,,,,,,,,,,,,
E92000001,England,Persons,2015,5306,10.3,10.0,10.5,,,,,,,,,,,,,,,,,
E92000001,England,Females,2016,1820,6.8,6.5,7.1,,,,,,,,,,,,,,,,,
E92000001,England,Males,2016,3687,14.5,14.0,14.9,,,,,,,,,,,,,,,,,
E92000001,England,Persons,2016,5507,10.5,10.2,10.8,,,,,,,,,,,,,,,,,
E92000001,England,Females,2017,1990,7.4,7.1,7.7,,,,,,,,,,,,,,,,,
E92000001,England,Males,2017,3853,15.0,14.5,15.5,,,,,,,,,,,,,,,,,
E92000001,England,Persons,2017,5843,11.1,10.8,11.4,,,,,,,,,,,,,,,,,
E92000001,England,Females,2018,1868,6.9,6.6,7.2,,,,,,,,,,,,,,,,,
E92000001,England,Males,2018,3830,14.8,14.3,15.2,,,,,,,,,,,,,,,,,
E92000001,England,Persons,2018,5698,10.7,10.5,11.0,,,,,,,,,,,,,,,,,
E92000001,England,Females,2019,1916,7.0,6.7,7.3,,,,,,,,,,,,,,,,,
E92000001,England,Males,2019,3904,15.0,14.5,15.4,,,,,,,,,,,,,,,,,
E92000001,England,Persons,2019,5820,10.9,10.6,11.2,,,,,,,,,,,,,,,,,
E92000001,England,Females,2020,2390,8.7,8.3,9.0,,,,,,,,,,,,,,,,,
E92000001,England,Males,2020,4594,17.5,17.0,18.0,,,,,,,,,,,,,,,,,
E92000001,England,Persons,2020,6984,13.0,12.7,13.3,,,,,,,,,,,,,,,,,
E92000001,England,Females,2021,2609,9.4,9.0,9.7,,,,,,,,,,,,,,,,,
E92000001,England,Males,2021,4949,18.6,18.1,19.1,,,,,,,,,,,,,,,,,
E92000001,England,Persons,2021,7558,13.9,13.6,14.2,,,,,,,,,,,,,,,,,
K02000001,United Kingdom,Females,2001,1823,6.6,6.3,6.9,,,,,,,,,,,,,,,,,
K02000001,United Kingdom,Males,2001,3878,14.9,14.4,15.3,,,,,,,,,,,,,,,,,
K02000001,United Kingdom,Persons,2001,5701,10.6,10.3,10.8,,,,,,,,,,,,,,,,,
K02000001,United Kingdom,Females,2002,1878,6.7,6.4,7.0,,,,,,,,,,,,,,,,,
K02000001,United Kingdom,Males,2002,4037,15.4,15.0,15.9,,,,,,,,,,,,,,,,,
K02000001,United Kingdom,Persons,2002,5915,10.9,10.6,11.2,,,,,,,,,,,,,,,,,
K02000001,United Kingdom,Females,2003,1934,6.9,6.6,7.2,,,,,,,,,,,,,,,,,
K02000001,United Kingdom,Males,2003,4321,16.3,15.8,16.8,,,,,,,,,,,,,,,,,
K02000001,United Kingdom,Persons,2003,6255,11.4,11.1,11.7,,,,,,,,,,,,,,,,,
K02000001,United Kingdom,Females,2004,2072,7.3,7.0,7.6,,,,,,,,,,,,,,,,,
K02000001,United Kingdom,Males,2004,4314,16.1,15.6,16.6,,,,,,,,,,,,,,,,,
K02000001,United Kingdom,Persons,2004,6386,11.5,11.3,11.8,,,,,,,,,,,,,,,,,
K02000001,United Kingdom,Females,2005,2102,7.3,7.0,7.6,,,,,,,,,,,,,,,,,
K02000001,United Kingdom,Males,2005,4520,16.7,16.2,17.2,,,,,,,,,,,,,,,,,
K02000001,United Kingdom,Persons,2005,6622,11.8,11.6,12.1,,,,,,,,,,,,,,,,,
K02000001,United Kingdom,Females,2006,2238,7.7,7.4,8.0,,,,,,,,,,,,,,,,,
K02000001,United Kingdom,Males,2006,4700,17.1,16.6,17.6,,,,,,,,,,,,,,,,,
K02000001,United Kingdom,Persons,2006,6938,12.3,12.0,12.5,,,,,,,,,,,,,,,,,
K02000001,United Kingdom,Females,2007,2259,7.7,7.4,8.0,,,,,,,,,,,,,,,,,
K02000001,United Kingdom,Males,2007,4701,17.0,16.5,17.5,,,,,,,,,,,,,,,,,
K02000001,United Kingdom,Persons,2007,6960,12.2,11.9,12.5,,,,,,,,,,,,,,,,,
K02000001,United Kingdom,Females,2008,2340,7.9,7.6,8.3,,,,,,,,,,,,,,,,,
K02000001,United Kingdom,Males,2008,5007,17.8,17.3,18.3,,,,,,,,,,,,,,,,,
K02000001,United Kingdom,Persons,2008,7347,12.7,12.5,13.0,,,,,,,,,,,,,,,,,
K02000001,United Kingdom,Females,2009,2268,7.6,7.3,7.9,,,,,,,,,,,,,,,,,
K02000001,United Kingdom,Males,2009,4642,16.3,15.8,16.7,,,,,,,,,,,,,,,,,
K02000001,United Kingdom,Persons,2009,6910,11.8,11.5,12.1,,,,,,,,,,,,,,,,,
K02000001,United Kingdom,Females,2010,2239,7.4,7.1,7.7,,,,,,,,,,,,,,,,,
K02000001,United Kingdom,Males,2010,4830,16.8,16.3,17.3,,,,,,,,,,,,,,,,,
K02000001,United Kingdom,Persons,2010,7069,12.0,11.7,12.2,,,,,,,,,,,,,,,,,
K02000001,United Kingdom,Females,2011,2345,7.7,7.4,8.0,,,,,,,,,,,,,,,,,
K02000001,United Kingdom,Males,2011,4834,16.7,16.2,17.2,,,,,,,,,,,,,,,,,
K02000001,United Kingdom,Persons,2011,7179,12.0,11.8,12.3,,,,,,,,,,,,,,,,,
K02000001,United Kingdom,Females,2012,2235,7.2,6.9,7.6,,,,,,,,,,,,,,,,,
K02000001,United Kingdom,Males,2012,4434,15.2,14.7,15.6,,,,,,,,,,,,,,,,,
K02000001,United Kingdom,Persons,2012,6669,11.1,10.8,11.4,,,,,,,,,,,,,,,,,
K02000001,United Kingdom,Females,2013,2200,7.1,6.8,7.4,,,,,,,,,,,,,,,,,
K02000001,United Kingdom,Males,2013,4591,15.5,15.1,16.0,,,,,,,,,,,,,,,,,
K02000001,United Kingdom,Persons,2013,6791,11.2,10.9,11.5,,,,,,,,,,,,,,,,,
K02000001,United Kingdom,Females,2014,2314,7.4,7.1,7.7,,,,,,,,,,,,,,,,,
K02000001,United Kingdom,Males,2014,4688,15.7,15.3,16.2,,,,,,,,,,,,,,,,,
K02000001,United Kingdom,Persons,2014,7002,11.4,11.2,11.7,,,,,,,,,,,,,,,,,
K02000001,United Kingdom,Females,2015,2364,7.5,7.2,7.8,,,,,,,,,,,,,,,,,
K02000001,United Kingdom,Males,2015,4642,15.4,15.0,15.9,,,,,,,,,,,,,,,,,
K02000001,United Kingdom,Persons,2015,7006,11.3,11.1,11.6,,,,,,,,,,,,,,,,,
K02000001,United Kingdom,Females,2016,2399,7.5,7.2,7.8,,,,,,,,,,,,,,,,,
K02000001,United Kingdom,Males,2016,4928,16.2,15.8,16.7,,,,,,,,,,,,,,,,,
K02000001,United Kingdom,Persons,2016,7327,11.7,11.5,12.0,,,,,,,,,,,,,,,,,
K02000001,United Kingdom,Females,2017,2564,8.0,7.6,8.3,,,,,,,,,,,,,,,,,
K02000001,United Kingdom,Males,2017,5133,16.8,16.3,17.2,,,,,,,,,,,,,,,,,
K02000001,United Kingdom,Persons,2017,7697,12.2,12.0,12.5,,,,,,,,,,,,,,,,,
K02000001,United Kingdom,Females,2018,2474,7.6,7.3,7.9,,,,,,,,,,,,,,,,,
K02000001,United Kingdom,Males,2018,5077,16.4,16.0,16.9,,,,,,,,,,,,,,,,,
K02000001,United Kingdom,Persons,2018,7551,11.9,11.6,12.2,,,,,,,,,,,,,,,,,
K02000001,United Kingdom,Females,2019,2546,7.8,7.5,8.1,,,,,,,,,,,,,,,,,
K02000001,United Kingdom,Males,2019,5019,16.1,15.7,16.6,,,,,,,,,,,,,,,,,
K02000001,United Kingdom,Persons,2019,7565,11.8,11.6,12.1,,,,,,,,,,,,,,,,,
K02000001,United Kingdom,Females,2020,3017,9.2,8.8,9.5,,,,,,,,,,,,,,,,,
K02000001,United Kingdom,Males,2020,5957,19.0,18.5,19.5,,,,,,,,,,,,,,,,,
K02000001,United Kingdom,Persons,2020,8974,14.0,13.7,14.2,,,,,,,,,,,,,,,,,
K02000001,United Kingdom,Females,2021,3293,9.9,9.6,10.2,,,,,,,,,,,,,,,,,
K02000001,United Kingdom,Males,2021,6348,20.1,19.6,20.6,,,,,,,,,,,,,,,,,
K02000001,United Kingdom,Persons,2021,9641,14.8,14.5,15.1,,,,,,,,,,,,,,,,,
K04000001,England and Wales,Females,2001,1403,5.7,5.4,6.0,,,,,,,,,,,,,,,,,
K04000001,England and Wales,Males,2001,2892,12.4,12.0,12.9,,,,,,,,,,,,,,,,,
K04000001,England and Wales,Persons,2001,4295,9.0,8.7,9.2,,,,,,,,,,,,,,,,,
K04000001,England and Wales,Females,2002,1425,5.8,5.5,6.1,,,,,,,,,,,,,,,,,
K04000001,England and Wales,Males,2002,2962,12.7,12.3,13.2,,,,,,,,,,,,,,,,,
K04000001,England and Wales,Persons,2002,4387,9.1,8.8,9.4,,,,,,,,,,,,,,,,,
K04000001,England and Wales,Females,2003,1474,5.9,5.6,6.2,,,,,,,,,,,,,,,,,
K04000001,England and Wales,Males,2003,3252,13.7,13.3,14.2,,,,,,,,,,,,,,,,,
K04000001,England and Wales,Persons,2003,4726,9.7,9.4,10.0,,,,,,,,,,,,,,,,,
K04000001,England and Wales,Females,2004,1624,6.5,6.1,6.8,,,,,,,,,,,,,,,,,
K04000001,England and Wales,Males,2004,3227,13.6,13.1,14.1,,,,,,,,,,,,,,,,,
K04000001,England and Wales,Persons,2004,4851,9.9,9.6,10.2,,,,,,,,,,,,,,,,,
K04000001,England and Wales,Females,2005,1609,6.3,6.0,6.6,,,,,,,,,,,,,,,,,
K04000001,England and Wales,Males,2005,3442,14.4,13.9,14.8,,,,,,,,,,,,,,,,,
K04000001,England and Wales,Persons,2005,5051,10.2,9.9,10.5,,,,,,,,,,,,,,,,,
K04000001,England and Wales,Females,2006,1743,6.8,6.5,7.1,,,,,,,,,,,,,,,,,
K04000001,England and Wales,Males,2006,3568,14.6,14.2,15.1,,,,,,,,,,,,,,,,,
K04000001,England and Wales,Persons,2006,5311,10.6,10.3,10.9,,,,,,,,,,,,,,,,,
K04000001,England and Wales,Females,2007,1808,7.0,6.6,7.3,,,,,,,,,,,,,,,,,
K04000001,England and Wales,Males,2007,3632,14.8,14.3,15.3,,,,,,,,,,,,,,,,,
K04000001,England and Wales,Persons,2007,5440,10.7,10.5,11.0,,,,,,,,,,,,,,,,,
K04000001,England and Wales,Females,2008,1862,7.2,6.8,7.5,,,,,,,,,,,,,,,,,
K04000001,England and Wales,Males,2008,3926,15.8,15.3,16.3,,,,,,,,,,,,,,,,,
K04000001,England and Wales,Persons,2008,5788,11.3,11.0,11.6,,,,,,,,,,,,,,,,,
K04000001,England and Wales,Females,2009,1790,6.8,6.4,7.1,,,,,,,,,,,,,,,,,
K04000001,England and Wales,Males,2009,3691,14.6,14.1,15.0,,,,,,,,,,,,,,,,,
K04000001,England and Wales,Persons,2009,5481,10.6,10.3,10.8,,,,,,,,,,,,,,,,,
K04000001,England and Wales,Females,2010,1799,6.7,6.4,7.0,,,,,,,,,,,,,,,,,
K04000001,England and Wales,Males,2010,3827,15.0,14.5,15.5,,,,,,,,,,,,,,,,,
K04000001,England and Wales,Persons,2010,5626,10.7,10.5,11.0,,,,,,,,,,,,,,,,,
K04000001,England and Wales,Females,2011,1902,7.0,6.7,7.4,,,,,,,,,,,,,,,,,
K04000001,England and Wales,Males,2011,3914,15.2,14.7,15.7,,,,,,,,,,,,,,,,,
K04000001,England and Wales,Persons,2011,5816,11.0,10.7,11.3,,,,,,,,,,,,,,,,,
K04000001,England and Wales,Females,2012,1852,6.8,6.5,7.1,,,,,,,,,,,,,,,,,
K04000001,England and Wales,Males,2012,3605,13.9,13.4,14.4,,,,,,,,,,,,,,,,,
K04000001,England and Wales,Persons,2012,5457,10.2,10.0,10.5,,,,,,,,,,,,,,,,,
K04000001,England and Wales,Females,2013,1837,6.7,6.4,7.0,,,,,,,,,,,,,,,,,
K04000001,England and Wales,Males,2013,3746,14.3,13.8,14.7,,,,,,,,,,,,,,,,,
K04000001,England and Wales,Persons,2013,5583,10.4,10.1,10.7,,,,,,,,,,,,,,,,,
K04000001,England and Wales,Females,2014,1926,6.9,6.6,7.3,,,,,,,,,,,,,,,,,
K04000001,England and Wales,Males,2014,3821,14.5,14.0,14.9,,,,,,,,,,,,,,,,,
K04000001,England and Wales,Persons,2014,5747,10.6,10.3,10.9,,,,,,,,,,,,,,,,,
K04000001,England and Wales,Females,2015,1933,6.9,6.6,7.2,,,,,,,,,,,,,,,,,
K04000001,England and Wales,Males,2015,3746,14.0,13.6,14.5,,,,,,,,,,,,,,,,,
K04000001,England and Wales,Persons,2015,5679,10.4,10.1,10.6,,,,,,,,,,,,,,,,,
K04000001,England and Wales,Females,2016,1952,6.9,6.6,7.2,,,,,,,,,,,,,,,,,
K04000001,England and Wales,Males,2016,3947,14.6,14.2,15.1,,,,,,,,,,,,,,,,,
K04000001,England and Wales,Persons,2016,5899,10.7,10.4,10.9,,,,,,,,,,,,,,,,,
K04000001,England and Wales,Females,2017,2142,7.5,7.2,7.8,,,,,,,,,,,,,,,,,
K04000001,England and Wales,Males,2017,4132,15.2,14.7,15.7,,,,,,,,,,,,,,,,,
K04000001,England and Wales,Persons,2017,6274,11.3,11.0,11.5,,,,,,,,,,,,,,,,,
K04000001,England and Wales,Females,2018,2012,7.0,6.7,7.3,,,,,,,,,,,,,,,,,
K04000001,England and Wales,Males,2018,4119,15.0,14.5,15.5,,,,,,,,,,,,,,,,,
K04000001,England and Wales,Persons,2018,6131,10.9,10.6,11.2,,,,,,,,,,,,,,,,,
K04000001,England and Wales,Females,2019,2059,7.1,6.8,7.4,,,,,,,,,,,,,,,,,
K04000001,England and Wales,Males,2019,4150,15.0,14.6,15.5,,,,,,,,,,,,,,,,,
K04000001,England and Wales,Persons,2019,6209,11.0,10.7,11.2,,,,,,,,,,,,,,,,,
K04000001,England and Wales,Females,2020,2535,8.7,8.4,9.1,,,,,,,,,,,,,,,,,
K04000001,England and Wales,Males,2020,4898,17.6,17.1,18.1,,,,,,,,,,,,,,,,,
K04000001,England and Wales,Persons,2020,7433,13.0,12.8,13.3,,,,,,,,,,,,,,,,,
K04000001,England and Wales,Females,2021,2759,9.4,9.0,9.7,,,,,,,,,,,,,,,,,
K04000001,England and Wales,Males,2021,5286,18.8,18.3,19.3,,,,,,,,,,,,,,,,,
K04000001,England and Wales,Persons,2021,8045,14.0,13.7,14.3,,,,,,,,,,,,,,,,,
N92000002,Northern Ireland,Females,2001,61,8.2,6.3,10.5,,,,,,,,,,,,,,,,,
N92000002,Northern Ireland,Males,2001,117,17.0,13.9,20.1,,,,,,,,,,,,,,,,,
N92000002,Northern Ireland,Persons,2001,178,12.4,10.6,14.3,,,,,,,,,,,,,,,,,
N92000002,Northern Ireland,Females,2002,53,7.4,5.5,9.7,,,,,,,,,,,,,,,,,
N92000002,Northern Ireland,Males,2002,141,20.5,16.9,24.1,,,,,,,,,,,,,,,,,
N92000002,Northern Ireland,Persons,2002,194,13.5,11.6,15.5,,,,,,,,,,,,,,,,,
N92000002,Northern Ireland,Females,2003,63,8.4,6.4,10.7,,,,,,,,,,,,,,,,,
N92000002,Northern Ireland,Males,2003,112,16.2,13.2,19.2,,,,,,,,,,,,,,,,,
N92000002,Northern Ireland,Persons,2003,175,12.1,10.3,14.0,,,,,,,,,,,,,,,,,
N92000002,Northern Ireland,Females,2004,62,8.1,6.2,10.4,,,,,,,,,,,,,,,,,
N92000002,Northern Ireland,Males,2004,142,19.3,16.1,22.5,,,,,,,,,,,,,,,,,
N92000002,Northern Ireland,Persons,2004,204,13.5,11.7,15.4,,,,,,,,,,,,,,,,,
N92000002,Northern Ireland,Females,2005,62,8.0,6.1,10.2,,,,,,,,,,,,,,,,,
N92000002,Northern Ireland,Males,2005,155,20.7,17.4,24.1,,,,,,,,,,,,,,,,,
N92000002,Northern Ireland,Persons,2005,217,14.2,12.3,16.1,,,,,,,,,,,,,,,,,
N92000002,Northern Ireland,Females,2006,57,7.2,5.4,9.3,,,,,,,,,,,,,,,,,
N92000002,Northern Ireland,Males,2006,153,20.6,17.3,23.9,,,,,,,,,,,,,,,,,
N92000002,Northern Ireland,Persons,2006,210,13.6,11.8,15.5,,,,,,,,,,,,,,,,,
N92000002,Northern Ireland,Females,2007,73,8.9,6.9,11.1,,,,,,,,,,,,,,,,,
N92000002,Northern Ireland,Males,2007,165,21.5,18.1,24.8,,,,,,,,,,,,,,,,,
N92000002,Northern Ireland,Persons,2007,238,15.0,13.1,16.9,,,,,,,,,,,,,,,,,
N92000002,Northern Ireland,Females,2008,78,9.7,7.7,12.1,,,,,,,,,,,,,,,,,
N92000002,Northern Ireland,Males,2008,165,21.9,18.5,25.3,,,,,,,,,,,,,,,,,
N92000002,Northern Ireland,Persons,2008,243,15.6,13.6,17.5,,,,,,,,,,,,,,,,,
N92000002,Northern Ireland,Females,2009,84,10.2,8.1,12.6,,,,,,,,,,,,,,,,,
N92000002,Northern Ireland,Males,2009,165,21.2,17.9,24.4,,,,,,,,,,,,,,,,,
N92000002,Northern Ireland,Persons,2009,249,15.5,13.5,17.4,,,,,,,,,,,,,,,,,
N92000002,Northern Ireland,Females,2010,85,10.1,8.1,12.6,,,,,,,,,,,,,,,,,
N92000002,Northern Ireland,Males,2010,175,22.1,18.8,25.5,,,,,,,,,,,,,,,,,
N92000002,Northern Ireland,Persons,2010,260,16.0,14.0,18.0,,,,,,,,,,,,,,,,,
N92000002,Northern Ireland,Females,2011,67,7.8,6.1,10.0,,,,,,,,,,,,,,,,,
N92000002,Northern Ireland,Males,2011,161,20.3,17.2,23.5,,,,,,,,,,,,,,,,,
N92000002,Northern Ireland,Persons,2011,228,13.9,12.1,15.7,,,,,,,,,,,,,,,,,
N92000002,Northern Ireland,Females,2012,85,9.9,7.9,12.3,,,,,,,,,,,,,,,,,
N92000002,Northern Ireland,Males,2012,159,19.7,16.6,22.8,,,,,,,,,,,,,,,,,
N92000002,Northern Ireland,Persons,2012,244,14.6,12.8,16.5,,,,,,,,,,,,,,,,,
N92000002,Northern Ireland,Females,2013,55,6.4,4.8,8.4,,,,,,,,,,,,,,,,,
N92000002,Northern Ireland,Males,2013,151,18.3,15.3,21.2,,,,,,,,,,,,,,,,,
N92000002,Northern Ireland,Persons,2013,206,12.2,10.5,13.9,,,,,,,,,,,,,,,,,
N92000002,Northern Ireland,Females,2014,64,7.3,5.7,9.4,,,,,,,,,,,,,,,,,
N92000002,Northern Ireland,Males,2014,155,18.7,15.8,21.7,,,,,,,,,,,,,,,,,
N92000002,Northern Ireland,Persons,2014,219,12.9,11.2,14.6,,,,,,,,,,,,,,,,,
N92000002,Northern Ireland,Females,2015,97,11.0,8.9,13.5,,,,,,,,,,,,,,,,,
N92000002,Northern Ireland,Males,2015,185,22.1,18.9,25.3,,,,,,,,,,,,,,,,,
N92000002,Northern Ireland,Persons,2015,282,16.4,14.5,18.3,,,,,,,,,,,,,,,,,
N92000002,Northern Ireland,Females,2016,105,11.8,9.5,14.1,,,,,,,,,,,,,,,,,
N92000002,Northern Ireland,Males,2016,184,22.2,18.9,25.4,,,,,,,,,,,,,,,,,
N92000002,Northern Ireland,Persons,2016,289,16.8,14.8,18.7,,,,,,,,,,,,,,,,,
N92000002,Northern Ireland,Females,2017,91,10.2,8.2,12.5,,,,,,,,,,,,,,,,,
N92000002,Northern Ireland,Males,2017,212,25.0,21.6,28.4,,,,,,,,,,,,,,,,,
N92000002,Northern Ireland,Persons,2017,303,17.4,15.0,19.7,,,,,,,,,,,,,,,,,
N92000002,Northern Ireland,Females,2018,88,9.6,7.7,11.9,,,,,,,,,,,,,,,,,
N92000002,Northern Ireland,Males,2018,196,22.7,19.6,25.9,,,,,,,,,,,,,,,,,
N92000002,Northern Ireland,Persons,2018,284,16.0,14.1,17.9,,,,,,,,,,,,,,,,,
N92000002,Northern Ireland,Females,2019,126,13.6,11.3,16.0,,,,,,,,,,,,,,,,,
N92000002,Northern Ireland,Males,2019,210,24.2,20.9,27.5,,,,,,,,,,,,,,,,,
N92000002,Northern Ireland,Persons,2019,336,18.8,16.8,20.8,,,,,,,,,,,,,,,,,
N92000002,Northern Ireland,Females,2020,118,12.9,10.6,15.2,,,,,,,,,,,,,,,,,
N92000002,Northern Ireland,Males,2020,233,26.9,23.4,30.4,,,,,,,,,,,,,,,,,
N92000002,Northern Ireland,Persons,2020,351,19.6,17.6,21.7,,,,,,,,,,,,,,,,,
N92000002,Northern Ireland,Females,2021,125,13.4,11.1,15.8,,,,,,,,,,,,,,,,,
N92000002,Northern Ireland,Males,2021,226,25.6,22.3,29.0,,,,,,,,,,,,,,,,,
N92000002,Northern Ireland,Persons,2021,351,19.3,17.3,21.4,,,,,,,,,,,,,,,,,
S92000003,Scotland,Females,2001,359,14.5,13.0,16.0,,,,,,,,,,,,,,,,,
S92000003,Scotland,Males,2001,869,39.0,36.4,41.7,,,,,,,,,,,,,,,,,
S92000003,Scotland,Persons,2001,1228,26.1,24.6,27.6,,,,,,,,,,,,,,,,,
S92000003,Scotland,Females,2002,400,16.1,14.5,17.7,,,,,,,,,,,,,,,,,
S92000003,Scotland,Males,2002,934,41.5,38.8,44.2,,,,,,,,,,,,,,,,,
S92000003,Scotland,Persons,2002,1334,28.1,26.6,29.6,,,,,,,,,,,,,,,,,
S92000003,Scotland,Females,2003,397,15.8,14.3,17.4,,,,,,,,,,,,,,,,,
S92000003,Scotland,Males,2003,957,42.6,39.9,45.4,,,,,,,,,,,,,,,,,
S92000003,Scotland,Persons,2003,1354,28.3,26.8,29.9,,,,,,,,,,,,,,,,,
S92000003,Scotland,Females,2004,386,15.2,13.6,16.7,,,,,,,,,,,,,,,,,
S92000003,Scotland,Males,2004,945,40.9,38.3,43.5,,,,,,,,,,,,,,,,,
S92000003,Scotland,Persons,2004,1331,27.3,25.8,28.8,,,,,,,,,,,,,,,,,
S92000003,Scotland,Females,2005,431,16.8,15.2,18.3,,,,,,,,,,,,,,,,,
S92000003,Scotland,Males,2005,923,39.7,37.1,42.3,,,,,,,,,,,,,,,,,
S92000003,Scotland,Persons,2005,1354,27.6,26.1,29.1,,,,,,,,,,,,,,,,,
S92000003,Scotland,Females,2006,438,16.9,15.3,18.5,,,,,,,,,,,,,,,,,
S92000003,Scotland,Males,2006,979,41.2,38.6,43.8,,,,,,,,,,,,,,,,,
S92000003,Scotland,Persons,2006,1417,28.5,27.0,29.9,,,,,,,,,,,,,,,,,
S92000003,Scotland,Females,2007,378,14.5,13.0,15.9,,,,,,,,,,,,,,,,,
S92000003,Scotland,Males,2007,904,37.6,35.2,40.1,,,,,,,,,,,,,,,,,
S92000003,Scotland,Persons,2007,1282,25.5,24.1,26.9,,,,,,,,,,,,,,,,,
S92000003,Scotland,Females,2008,400,15.2,13.7,16.6,,,,,,,,,,,,,,,,,
S92000003,Scotland,Males,2008,916,37.8,35.3,40.3,,,,,,,,,,,,,,,,,
S92000003,Scotland,Persons,2008,1316,25.9,24.5,27.3,,,,,,,,,,,,,,,,,
S92000003,Scotland,Females,2009,394,14.8,13.3,16.3,,,,,,,,,,,,,,,,,
S92000003,Scotland,Males,2009,786,32.0,29.8,34.3,,,,,,,,,,,,,,,,,
S92000003,Scotland,Persons,2009,1180,23.0,21.7,24.3,,,,,,,,,,,,,,,,,
S92000003,Scotland,Females,2010,355,13.2,11.8,14.6,,,,,,,,,,,,,,,,,
S92000003,Scotland,Males,2010,828,33.4,31.1,35.7,,,,,,,,,,,,,,,,,
S92000003,Scotland,Persons,2010,1183,22.8,21.5,24.1,,,,,,,,,,,,,,,,,
S92000003,Scotland,Females,2011,376,13.9,12.5,15.3,,,,,,,,,,,,,,,,,
S92000003,Scotland,Males,2011,759,30.8,28.5,33.0,,,,,,,,,,,,,,,,,
S92000003,Scotland,Persons,2011,1135,21.9,20.6,23.2,,,,,,,,,,,,,,,,,
S92000003,Scotland,Females,2012,298,10.9,9.7,12.2,,,,,,,,,,,,,,,,,
S92000003,Scotland,Males,2012,670,26.7,24.6,28.7,,,,,,,,,,,,,,,,,
S92000003,Scotland,Persons,2012,968,18.4,17.3,19.6,,,,,,,,,,,,,,,,,
S92000003,Scotland,Females,2013,308,11.2,10.0,12.5,,,,,,,,,,,,,,,,,
S92000003,Scotland,Males,2013,694,27.6,25.5,29.7,,,,,,,,,,,,,,,,,
S92000003,Scotland,Persons,2013,1002,19.0,17.8,20.1,,,,,,,,,,,,,,,,,
S92000003,Scotland,Females,2014,324,11.7,10.4,13.0,,,,,,,,,,,,,,,,,
S92000003,Scotland,Males,2014,712,28.1,26.0,30.1,,,,,,,,,,,,,,,,,
S92000003,Scotland,Persons,2014,1036,19.5,18.3,20.7,,,,,,,,,,,,,,,,,
S92000003,Scotland,Females,2015,334,12.0,10.7,13.3,,,,,,,,,,,,,,,,,
S92000003,Scotland,Males,2015,711,27.7,25.7,29.8,,,,,,,,,,,,,,,,,
S92000003,Scotland,Persons,2015,1045,19.5,18.3,20.6,,,,,,,,,,,,,,,,,
S92000003,Scotland,Females,2016,342,12.1,10.8,13.4,,,,,,,,,,,,,,,,,
S92000003,Scotland,Males,2016,797,30.9,28.8,33.1,,,,,,,,,,,,,,,,,
S92000003,Scotland,Persons,2016,1139,21.1,19.8,22.3,,,,,,,,,,,,,,,,,
S92000003,Scotland,Females,2017,331,11.6,10.4,12.9,,,,,,,,,,,,,,,,,
S92000003,Scotland,Males,2017,789,30.3,28.2,32.5,,,,,,,,,,,,,,,,,
S92000003,Scotland,Persons,2017,1120,20.5,19.3,21.7,,,,,,,,,,,,,,,,,
S92000003,Scotland,Females,2018,374,13.1,11.8,14.5,,,,,,,,,,,,,,,,,
S92000003,Scotland,Males,2018,762,29.4,27.3,31.5,,,,,,,,,,,,,,,,,
S92000003,Scotland,Persons,2018,1136,20.8,19.6,22.0,,,,,,,,,,,,,,,,,
S92000003,Scotland,Females,2019,361,12.6,11.3,13.9,,,,,,,,,,,,,,,,,
S92000003,Scotland,Males,2019,659,25.2,23.3,27.1,,,,,,,,,,,,,,,,,
S92000003,Scotland,Persons,2019,1020,18.6,17.4,19.7,,,,,,,,,,,,,,,,,
S92000003,Scotland,Females,2020,364,12.7,11.4,14.0,,,,,,,,,,,,,,,,,
S92000003,Scotland,Males,2020,826,31.3,29.2,33.5,,,,,,,,,,,,,,,,,
S92000003,Scotland,Persons,2020,1190,21.5,20.3,22.7,,,,,,,,,,,,,,,,,
S92000003,Scotland,Females,2021,409,14.1,12.8,15.5,,,,,,,,,,,,,,,,,
S92000003,Scotland,Males,2021,836,31.4,29.3,33.6,,,,,,,,,,,,,,,,,
S92000003,Scotland,Persons,2021,1245,22.4,21.1,23.6,,,,,,,,,,,,,,,,,
W92000004,Wales,Females,2001,96,6.8,5.5,8.3,,,,,,,,,,,,,,,,,
W92000004,Wales,Males,2001,181,13.6,11.6,15.5,,,,,,,,,,,,,,,,,
W92000004,Wales,Persons,2001,277,10.1,8.9,11.3,,,,,,,,,,,,,,,,,
W92000004,Wales,Females,2002,89,6.2,5.0,7.6,,,,,,,,,,,,,,,,,
W92000004,Wales,Males,2002,173,13.0,11.1,15.0,,,,,,,,,,,,,,,,,
W92000004,Wales,Persons,2002,262,9.5,8.3,10.6,,,,,,,,,,,,,,,,,
W92000004,Wales,Females,2003,93,6.4,5.2,7.9,,,,,,,,,,,,,,,,,
W92000004,Wales,Males,2003,193,14.6,12.5,16.6,,,,,,,,,,,,,,,,,
W92000004,Wales,Persons,2003,286,10.3,9.1,11.5,,,,,,,,,,,,,,,,,
W92000004,Wales,Females,2004,115,7.8,6.4,9.3,,,,,,,,,,,,,,,,,
W92000004,Wales,Males,2004,204,14.9,12.9,17.0,,,,,,,,,,,,,,,,,
W92000004,Wales,Persons,2004,319,11.3,10.1,12.6,,,,,,,,,,,,,,,,,
W92000004,Wales,Females,2005,114,7.7,6.3,9.2,,,,,,,,,,,,,,,,,
W92000004,Wales,Males,2005,207,14.9,12.9,17.0,,,,,,,,,,,,,,,,,
W92000004,Wales,Persons,2005,321,11.2,9.9,12.4,,,,,,,,,,,,,,,,,
W92000004,Wales,Females,2006,122,8.3,6.8,9.7,,,,,,,,,,,,,,,,,
W92000004,Wales,Males,2006,218,15.5,13.5,17.6,,,,,,,,,,,,,,,,,
W92000004,Wales,Persons,2006,340,11.8,10.6,13.1,,,,,,,,,,,,,,,,,
W92000004,Wales,Females,2007,118,7.9,6.5,9.4,,,,,,,,,,,,,,,,,
W92000004,Wales,Males,2007,255,18.0,15.8,20.2,,,,,,,,,,,,,,,,,
W92000004,Wales,Persons,2007,373,12.8,11.5,14.1,,,,,,,,,,,,,,,,,
W92000004,Wales,Females,2008,148,9.9,8.3,11.5,,,,,,,,,,,,,,,,,
W92000004,Wales,Males,2008,278,19.6,17.3,21.9,,,,,,,,,,,,,,,,,
W92000004,Wales,Persons,2008,426,14.6,13.2,16.0,,,,,,,,,,,,,,,,,
W92000004,Wales,Females,2009,121,7.9,6.5,9.4,,,,,,,,,,,,,,,,,
W92000004,Wales,Males,2009,262,18.2,16.0,20.5,,,,,,,,,,,,,,,,,
W92000004,Wales,Persons,2009,383,12.9,11.6,14.2,,,,,,,,,,,,,,,,,
W92000004,Wales,Females,2010,137,9.0,7.5,10.5,,,,,,,,,,,,,,,,,
W92000004,Wales,Males,2010,254,17.5,15.4,19.7,,,,,,,,,,,,,,,,,
W92000004,Wales,Persons,2010,391,13.1,11.8,14.5,,,,,,,,,,,,,,,,,
W92000004,Wales,Females,2011,129,8.3,6.9,9.7,,,,,,,,,,,,,,,,,
W92000004,Wales,Males,2011,243,16.7,14.6,18.8,,,,,,,,,,,,,,,,,
W92000004,Wales,Persons,2011,372,12.4,11.1,13.6,,,,,,,,,,,,,,,,,
W92000004,Wales,Females,2012,149,9.6,8.1,11.2,,,,,,,,,,,,,,,,,
W92000004,Wales,Males,2012,255,17.6,15.4,19.7,,,,,,,,,,,,,,,,,
W92000004,Wales,Persons,2012,404,13.5,12.1,14.8,,,,,,,,,,,,,,,,,
W92000004,Wales,Females,2013,133,8.6,7.1,10.1,,,,,,,,,,,,,,,,,
W92000004,Wales,Males,2013,253,17.0,14.9,19.1,,,,,,,,,,,,,,,,,
W92000004,Wales,Persons,2013,386,12.7,11.4,14.0,,,,,,,,,,,,,,,,,
W92000004,Wales,Females,2014,121,7.7,6.3,9.1,,,,,,,,,,,,,,,,,
W92000004,Wales,Males,2014,230,15.5,13.5,17.5,,,,,,,,,,,,,,,,,
W92000004,Wales,Persons,2014,351,11.5,10.3,12.7,,,,,,,,,,,,,,,,,
W92000004,Wales,Females,2015,132,8.5,7.0,9.9,,,,,,,,,,,,,,,,,
W92000004,Wales,Males,2015,229,15.4,13.4,17.4,,,,,,,,,,,,,,,,,
W92000004,Wales,Persons,2015,361,11.9,10.6,13.1,,,,,,,,,,,,,,,,,
W92000004,Wales,Females,2016,130,8.3,6.9,9.8,,,,,,,,,,,,,,,,,
W92000004,Wales,Males,2016,258,17.4,15.2,19.5,,,,,,,,,,,,,,,,,
W92000004,Wales,Persons,2016,388,12.7,11.4,14.0,,,,,,,,,,,,,,,,,
W92000004,Wales,Females,2017,148,9.2,7.7,10.7,,,,,,,,,,,,,,,,,
W92000004,Wales,Males,2017,271,18.0,15.8,20.1,,,,,,,,,,,,,,,,,
W92000004,Wales,Persons,2017,419,13.5,12.2,14.8,,,,,,,,,,,,,,,,,
W92000004,Wales,Females,2018,140,8.7,7.3,10.2,,,,,,,,,,,,,,,,,
W92000004,Wales,Males,2018,266,17.7,15.5,19.8,,,,,,,,,,,,,,,,,
W92000004,Wales,Persons,2018,406,13.1,11.8,14.4,,,,,,,,,,,,,,,,,
W92000004,Wales,Females,2019,139,8.6,7.2,10.1,,,,,,,,,,,,,,,,,
W92000004,Wales,Males,2019,229,15.1,13.1,17.0,,,,,,,,,,,,,,,,,
W92000004,Wales,Persons,2019,368,11.8,10.6,13.0,,,,,,,,,,,,,,,,,
W92000004,Wales,Females,2020,144,9.0,7.5,10.5,,,,,,,,,,,,,,,,,
W92000004,Wales,Males,2020,294,19.1,16.9,21.3,,,,,,,,,,,,,,,,,
W92000004,Wales,Persons,2020,438,13.9,12.6,15.2,,,,,,,,,,,,,,,,,
W92000004,Wales,Females,2021,147,9.2,7.7,10.7,,,,,,,,,,,,,,,,,
W92000004,Wales,Males,2021,325,21.1,18.8,23.4,,,,,,,,,,,,,,,,,
W92000004,Wales,Persons,2021,472,15.0,13.6,16.3,,,,,,,,,,,,,,,,,
,,,,,,,,,,,,,,,,,,,,,,,,
,,,,,,,,,,,,,,,,,,,,,,,,
,,,,,,,,,,,,,,,,,,,,,,,,
,,,,,,,,,,,,,,,,,,,,,,,,
,,,,,,,,,,,,,,,,,,,,,,,,
,,,,,,,,,,,,,,,,,,,,,,,,
,,,,,,,,,,,,,,,,,,,,,,,,
,,,,,,,,,,,,,,,,,,,,,,,,
,,,,,,,,,,,,,,,,,,,,,,,,
,,,,,,,,,,,,,,,,,,,,,,,,
,,,,,,,,,,,,,,,,,,,,,,,,
,,,,,,,,,,,,,,,,,,,,,,,,
,,,,,,,,,,,,,,,,,,,,,,,,
,,,,,,,,,,,,,,,,,,,,,,,,
,,,,,,,,,,,,,,,,,,,,,,,,
,,,,,,,,,,,,,,,,,,,,,,,,
,,,,,,,,,,,,,,,,,,,,,,,,
,,,,,,,,,,,,,,,,,,,,,,,,
,,,,,,,,,,,,,,,,,,,,,,,,
,,,,,,,,,,,,,,,,,,,,,,,,
,,,,,,,,,,,,,,,,,,,,,,,,
,,,,,,,,,,,,,,,,,,,,,,,,
,,,,,,,,,,,,,,,,,,,,,,,,
,,,,,,,,,,,,,,,,,,,,,,,,
,,,,,,,,,,,,,,,,,,,,,,,,
,,,,,,,,,,,,,,,,,,,,,,,,
,,,,,,,,,,,,,,,,,,,,,,,,
,,,,,,,,,,,,,,,,,,,,,,,,
,,,,,,,,,,,,,,,,,,,,,,,,
,,,,,,,,,,,,,,,,,,,,,,,,
,,,,,,,,,,,,,,,,,,,,,,,,
,,,,,,,,,,,,,,,,,,,,,,,,
,,,,,,,,,,,,,,,,,,,,,,,,
,,,,,,,,,,,,,,,,,,,,,,,,
,,,,,,,,,,,,,,,,,,,,,,,,
,,,,,,,,,,,,,,,,,,,,,,,,
,,,,,,,,,,,,,,,,,,,,,,,,
,,,,,,,,,,,,,,,,,,,,,,,,
,,,,,,,,,,,,,,,,,,,,,,,,
,,,,,,,,,,,,,,,,,,,,,,,,
,,,,,,,,,,,,,,,,,,,,,,,,
,,,,,,,,,,,,,,,,,,,,,,,,
,,,,,,,,,,,,,,,,,,,,,,,,
,,,,,,,,,,,,,,,,,,,,,,,,
,,,,,,,,,,,,,,,,,,,,,,,,
,,,,,,,,,,,,,,,,,,,,,,,,
,,,,,,,,,,,,,,,,,,,,,,,,
,,,,,,,,,,,,,,,,,,,,,,,,
,,,,,,,,,,,,,,,,,,,,,,,,
,,,,,,,,,,,,,,,,,,,,,,,,
,,,,,,,,,,,,,,,,,,,,,,,,
,,,,,,,,,,,,,,,,,,,,,,,,
,,,,,,,,,,,,,,,,,,,,,,,,
,,,,,,,,,,,,,,,,,,,,,,,,
,,,,,,,,,,,,,,,,,,,,,,,,
,,,,,,,,,,,,,,,,,,,,,,,,
,,,,,,,,,,,,,,,,,,,,,,,,
,,,,,,,,,,,,,,,,,,,,,,,,
,,,,,,,,,,,,,,,,,,,,,,,,
,,,,,,,,,,,,,,,,,,,,,,,,
,,,,,,,,,,,,,,,,,,,,,,,,
,,,,,,,,,,,,,,,,,,,,,,,,
,,,,,,,,,,,,,,,,,,,,,,,,
,,,,,,,,,,,,,,,,,,,,,,,,
,,,,,,,,,,,,,,,,,,,,,,,,
,,,,,,,,,,,,,,,,,,,,,,,,
,,,,,,,,,,,,,,,,,,,,,,,,
,,,,,,,,,,,,,,,,,,,,,,,,
,,,,,,,,,,,,,,,,,,,,,,,,
,,,,,,,,,,,,,,,,,,,,,,,,
,,,,,,,,,,,,,,,,,,,,,,,,
,,,,,,,,,,,,,,,,,,,,,,,,
,,,,,,,,,,,,,,,,,,,,,,,,
,,,,,,,,,,,,,,,,,,,,,,,,
,,,,,,,,,,,,,,,,,,,,,,,,
,,,,,,,,,,,,,,,,,,,,,,,,
,,,,,,,,,,,,,,,,,,,,,,,,
,,,,,,,,,,,,,,,,,,,,,,,,
,,,,,,,,,,,,,,,,,,,,,,,,
,,,,,,,,,,,,,,,,,,,,,,,,
,,,,,,,,,,,,,,,,,,,,,,,,
,,,,,,,,,,,,,,,,,,,,,,,,
,,,,,,,,,,,,,,,,,,,,,,,,
,,,,,,,,,,,,,,,,,,,,,,,,
,,,,,,,,,,,,,,,,,,,,,,,,
,,,,,,,,,,,,,,,,,,,,,,,,
,,,,,,,,,,,,,,,,,,,,,,,,
,,,,,,,,,,,,,,,,,,,,,,,,
,,,,,,,,,,,,,,,,,,,,,,,,
,,,,,,,,,,,,,,,,,,,,,,,,
,,,,,,,,,,,,,,,,,,,,,,,,
,,,,,,,,,,,,,,,,,,,,,,,,
,,,,,,,,,,,,,,,,,,,,,,,,
,,,,,,,,,,,,,,,,,,,,,,,,
,,,,,,,,,,,,,,,,,,,,,,,,
,,,,,,,,,,,,,,,,,,,,,,,,
,,,,,,,,,,,,,,,,,,,,,,,,
,,,,,,,,,,,,,,,,,,,,,,,,
,,,,,,,,,,,,,,,,,,,,,,,,
,,,,,,,,,,,,,,,,,,,,,,,,
,,,,,,,,,,,,,,,,,,,,,,,,
,,,,,,,,,,,,,,,,,,,,,,,,
,,,,,,,,,,,,,,,,,,,,,,,,
,,,,,,,,,,,,,,,,,,,,,,,,
,,,,,,,,,,,,,,,,,,,,,,,,
,,,,,,,,,,,,,,,,,,,,,,,,
,,,,,,,,,,,,,,,,,,,,,,,,
,,,,,,,,,,,,,,,,,,,,,,,,
,,,,,,,,,,,,,,,,,,,,,,,,
,,,,,,,,,,,,,,,,,,,,,,,,
,,,,,,,,,,,,,,,,,,,,,,,,
,,,,,,,,,,,,,,,,,,,,,,,,
,,,,,,,,,,,,,,,,,,,,,,,,
,,,,,,,,,,,,,,,,,,,,,,,,
,,,,,,,,,,,,,,,,,,,,,,,,
,,,,,,,,,,,,,,,,,,,,,,,,
,,,,,,,,,,,,,,,,,,,,,,,,
,,,,,,,,,,,,,,,,,,,,,,,,
,,,,,,,,,,,,,,,,,,,,,,,,
,,,,,,,,,,,,,,,,,,,,,,,,
,,,,,,,,,,,,,,,,,,,,,,,,
,,,,,,,,,,,,,,,,,,,,,,,,
,,,,,,,,,,,,,,,,,,,,,,,,
,,,,,,,,,,,,,,,,,,,,,,,,
,,,,,,,,,,,,,,,,,,,,,,,,
,,,,,,,,,,,,,,,,,,,,,,,,
,,,,,,,,,,,,,,,,,,,,,,,,
,,,,,,,,,,,,,,,,,,,,,,,,
,,,,,,,,,,,,,,,,,,,,,,,,
,,,,,,,,,,,,,,,,,,,,,,,,
,,,,,,,,,,,,,,,,,,,,,,,,
,,,,,,,,,,,,,,,,,,,,,,,,
,,,,,,,,,,,,,,,,,,,,,,,,
,,,,,,,,,,,,,,,,,,,,,,,,
,,,,,,,,,,,,,,,,,,,,,,,,
,,,,,,,,,,,,,,,,,,,,,,,,
,,,,,,,,,,,,,,,,,,,,,,,,
,,,,,,,,,,,,,,,,,,,,,,,,
,,,,,,,,,,,,,,,,,,,,,,,,
,,,,,,,,,,,,,,,,,,,,,,,,
,,,,,,,,,,,,,,,,,,,,,,,,
,,,,,,,,,,,,,,,,,,,,,,,,
,,,,,,,,,,,,,,,,,,,,,,,,
,,,,,,,,,,,,,,,,,,,,,,,,
,,,,,,,,,,,,,,,,,,,,,,,,
,,,,,,,,,,,,,,,,,,,,,,,,
,,,,,,,,,,,,,,,,,,,,,,,,
,,,,,,,,,,,,,,,,,,,,,,,,
,,,,,,,,,,,,,,,,,,,,,,,,
,,,,,,,,,,,,,,,,,,,,,,,,
,,,,,,,,,,,,,,,,,,,,,,,,
,,,,,,,,,,,,,,,,,,,,,,,,
,,,,,,,,,,,,,,,,,,,,,,,,
,,,,,,,,,,,,,,,,,,,,,,,,
,,,,,,,,,,,,,,,,,,,,,,,,
,,,,,,,,,,,,,,,,,,,,,,,,
,,,,,,,,,,,,,,,,,,,,,,,,
,,,,,,,,,,,,,,,,,,,,,,,,
,,,,,,,,,,,,,,,,,,,,,,,,
,,,,,,,,,,,,,,,,,,,,,,,,
,,,,,,,,,,,,,,,,,,,,,,,,
,,,,,,,,,,,,,,,,,,,,,,,,
,,,,,,,,,,,,,,,,,,,,,,,,
,,,,,,,,,,,,,,,,,,,,,,,,
,,,,,,,,,,,,,,,,,,,,,,,,
,,,,,,,,,,,,,,,,,,,,,,,,
,,,,,,,,,,,,,,,,,,,,,,,,
,,,,,,,,,,,,,,,,,,,,,,,,
,,,,,,,,,,,,,,,,,,,,,,,,
,,,,,,,,,,,,,,,,,,,,,,,,
,,,,,,,,,,,,,,,,,,,,,,,,
,,,,,,,,,,,,,,,,,,,,,,,,
,,,,,,,,,,,,,,,,,,,,,,,,
,,,,,,,,,,,,,,,,,,,,,,,,
,,,,,,,,,,,,,,,,,,,,,,,,
,,,,,,,,,,,,,,,,,,,,,,,,
,,,,,,,,,,,,,,,,,,,,,,,,
,,,,,,,,,,,,,,,,,,,,,,,,
,,,,,,,,,,,,,,,,,,,,,,,,
,,,,,,,,,,,,,,,,,,,,,,,,
